SunAltitude,SunAzimuth
74,344
76,21
60,151
25,74
10,281
29,55
60,265
84,120
43,321
59,214
87,151
79,29
36,142
22,42
0,222
0,114
0,327
67,340
59,197
70,170
76,6
0,167
15,2
0,150
30,139
59,19
84,165
80,196
47,341
32,207
0,111
0,285
0,58
58,163
53,15
78,345
83,191
21,286
33,209
0,191
0,341
0,351
62,189
70,348
77,16
65,157
25,77
0,290
0,47
0,256
0,130
36,321
58,213
89,330
80,30
42,142
25,46
0,231
0,105
0,318
65,335
55,205
72,166
79,10
0,157
25,8
0,162
19,87
59,15
79,167
80,193
54,344
32,202
0,98
0,298
0,72
54,160
51,18
82,344
85,194
27,312
37,209
0,180
0,351
0,340
61,185
66,352
77,11
69,164
26,77
0,38
0,247
0,139
27,319
58,210
85,331
80,30
48,142
27,49
0,240
0,96
0,308
0,77
62,330
52,212
74,162
82,15
0,147
32,12
0,173
0,13
59,10
74,170
80,190
60,348
31,198
0,85
0,311
0,86
49,157
49,21
85,343
87,196
33,323
40,209
0,169
0,1
0,328
59,180
62,356
78,6
73,170
27,69
0,28
0,237
0,149
11,313
58,208
80,333
80,29
53,143
28,53
0,249
0,87
0,299
0,86
59,327
50,217
76,158
85,19
11,148
37,17
0,185
0,3
59,4
69,173
80,186
66,351
31,193
0,71
0,323
0,101
44,154
48,23
89,342
88,197
38,329
43,208
0,157
0,12
0,315
57,176
58,1
80,0
77,176
29,41
0,19
0,227
0,159
0,307
58,204
75,335
80,28
58,145
28,57
0,258
0,79
0,290
0,95
55,324
48,220
79,155
87,23
21,148
40,21
0,195
0,352
0,34
59,357
64,178
80,182
71,355
31,188
0,335
0,115
38,149
47,25
88,162
89,198
44,334
44,207
0,145
0,250
0,24
0,302
54,172
55,5
81,356
80,181
32,1
18,29
0,218
0,170
0,316
58,200
71,338
80,26
63,148
29,60
0,267
0,70
0,281
0,104
50,322
46,222
83,153
88,27
29,146
43,25
0,205
0,342
0,43
58,349
58,185
81,178
76,359
31,183
9,350
0,129
31,141
47,25
83,162
89,198
49,337
45,205
0,133
0,263
0,36
0,288
50,168
52,9
84,352
83,185
35,342
27,189
0,208
0,181
0,325
58,196
66,341
80,22
68,152
29,63
0,275
0,61
0,272
0,113
45,321
45,221
87,151
90,35
36,145
46,28
0,215
0,120
0,333
0,52
57,341
53,195
81,173
81,3
32,177
24,358
0,142
21,117
47,25
79,163
90,199
54,340
46,203
0,120
0,277
0,49
0,274
46,164
49,13
86,348
86,189
38,336
33,202
0,198
0,192
0,334
0,359
57,192
61,345
80,18
73,157
29,65
0,284
0,53
0,262
0,123
38,320
44,219
89,331
89,207
42,144
47,31
0,225
0,111
0,323
0,62
55,334
49,206
82,168
85,8
33,172
33,3
0,155
0,33
0,357
47,23
75,165
90,201
59,343
46,201
0,106
0,290
0,62
0,260
41,159
47,17
89,347
88,192
42,335
38,205
0,187
0,203
0,344
0,348
57,187
56,349
81,14
77,162
30,64
18,82
0,253
0,132
30,319
44,217
84,331
89,209
48,144
48,34
0,234
0,102
0,314
0,71
53,327
44,217
84,164
89,14
35,167
40,8
0,167
0,22
0,7
46,18
70,167
90,199
64,346
46,197
0,93
0,303
0,76
0,246
34,154
45,20
87,163
90,174
46,335
42,206
0,176
0,215
0,354
0,336
56,183
51,353
81,9
81,167
31,58
28,111
0,244
0,142
19,316
44,213
79,332
88,210
54,144
49,36
0,243
0,93
0,305
0,80
50,322
40,227
86,160
88,196
37,162
45,12
0,178
0,11
0,17
46,12
65,170
90,201
69,349
46,194
0,316
0,90
0,232
26,144
44,23
84,162
89,17
50,336
45,206
0,165
0,228
0,5
0,324
54,178
47,357
82,3
85,173
32,42
36,138
0,234
0,152
0,302
44,209
74,333
88,209
60,146
49,38
0,252
0,85
0,295
0,89
46,319
36,233
88,155
85,201
40,158
49,16
0,189
0,144
0,0
0,27
45,2
61,174
90,349
74,353
46,190
0,328
0,105
0,219
12,114
43,26
80,162
88,18
54,337
47,206
0,153
0,241
0,16
0,311
52,174
42,2
84,358
89,178
34,16
41,160
0,225
0,162
0,310
0,24
44,205
69,336
88,207
66,148
49,39
0,260
0,76
0,286
0,99
42,316
32,237
89,336
83,205
43,154
53,20
0,199
0,135
0,350
0,36
44,350
56,181
90,1
78,356
47,185
0,339
0,119
0,206
0,66
42,28
75,161
87,18
59,339
48,205
0,141
0,254
0,298
49,170
38,7
86,354
88,2
37,355
46,174
0,215
0,173
0,319
0,15
44,201
63,339
88,205
71,152
49,39
0,68
0,277
0,108
37,314
29,238
86,332
81,207
47,151
55,24
0,209
0,125
0,340
0,46
43,336
51,190
89,357
83,0
47,181
21,355
0,132
0,194
0,54
42,28
71,161
87,18
63,341
49,203
0,128
0,268
0,284
45,166
34,12
88,351
85,6
40,344
50,184
0,205
0,183
0,329
0,5
45,196
57,342
88,201
77,156
49,38
10,78
0,268
0,117
30,312
26,236
83,331
79,209
51,149
58,27
0,219
0,116
0,330
0,55
40,323
46,202
88,352
87,5
48,176
31,0
0,146
0,182
0,41
42,28
66,162
87,16
68,343
50,201
0,115
0,281
0,270
41,162
31,17
89,166
83,10
44,339
54,191
0,194
0,195
0,338
0,354
44,191
51,346
88,197
82,160
49,35
26,107
0,259
0,127
21,308
24,233
79,330
78,210
55,147
59,30
0,228
0,107
0,321
0,64
37,312
42,215
87,347
90,186
49,172
39,5
0,158
0,171
0,29
0,0
42,25
61,162
86,14
73,345
50,199
0,102
0,294
0,255
36,156
28,23
86,165
81,13
48,338
57,195
0,184
0,206
0,348
0,343
44,187
45,350
88,192
87,166
49,30
35,127
0,250
0,136
0,287
0,50
23,229
75,331
77,210
60,147
60,32
0,237
0,99
0,311
0,74
33,302
37,228
85,342
86,194
51,167
45,10
0,170
0,161
0,18
0,11
42,19
56,164
86,11
77,347
51,195
16,330
0,241
28,149
26,29
82,163
79,15
52,338
59,198
0,173
0,219
0,358
0,331
42,182
38,354
87,187
89,349
49,23
42,144
0,146
0,295
0,41
22,223
70,332
77,209
64,147
61,33
0,90
0,302
0,83
27,294
33,237
83,338
83,199
53,163
50,14
0,181
0,151
0,7
0,21
41,10
50,167
86,8
82,350
51,192
27,342
0,227
18,132
24,35
78,162
78,17
57,338
60,200
0,161
0,231
0,9
0,319
41,177
31,359
87,182
84,354
50,13
48,158
0,156
0,304
0,31
21,218
65,334
77,207
69,149
62,34
0,81
0,293
0,92
19,283
29,242
80,334
81,203
55,159
54,18
0,192
0,141
0,357
0,30
41,357
45,173
86,4
86,353
51,188
36,348
0,214
0,74
23,41
74,161
77,18
61,339
62,201
0,245
0,306
38,172
23,4
85,177
80,359
51,3
54,170
0,166
0,313
0,22
21,212
61,337
77,205
74,151
62,33
0,73
0,101
0,255
26,244
77,332
78,206
58,156
57,21
0,202
0,132
0,40
40,341
39,185
86,359
90,180
52,184
42,353
0,202
0,61
0,331
23,47
69,161
77,19
66,341
63,201
0,258
0,292
35,167
11,13
84,173
77,3
52,354
58,178
0,177
0,322
0,12
20,206
55,340
77,202
78,155
62,32
0,64
0,110
0,264
23,244
74,330
77,209
62,153
60,25
0,212
0,122
0,49
38,325
33,212
85,354
86,182
52,179
48,357
0,190
0,48
0,343
23,52
63,160
76,18
71,342
63,200
0,272
0,278
31,162
0,32
82,169
73,7
54,348
62,185
0,188
0,332
0,2
19,200
50,343
77,198
83,159
62,30
21,100
0,120
0,272
20,242
70,329
75,210
65,151
62,28
0,222
0,113
0,58
36,312
26,255
84,349
82,187
53,175
53,2
0,179
0,36
0,354
24,56
57,160
76,17
77,344
63,198
10,308
0,264
25,155
0,44
79,167
70,10
56,344
65,190
0,200
0,341
0,351
18,194
44,347
77,194
88,164
62,26
32,121
0,129
0,281
18,238
66,329
74,211
69,150
64,30
0,231
0,105
0,67
32,301
19,285
82,344
79,192
55,170
57,6
0,168
0,25
0,4
24,58
51,160
76,15
82,346
63,196
25,332
0,250
17,142
0,57
76,164
68,13
59,341
68,193
0,211
0,351
0,340
15,187
38,351
76,189
88,346
62,21
41,138
0,139
0,290
0,47
17,232
61,329
73,210
73,149
65,31
0,96
0,76
28,292
8,305
80,339
76,197
57,166
61,10
0,158
0,13
0,14
25,58
44,161
76,12
87,348
63,193
34,341
0,236
0,97
0,298
0,71
73,163
66,16
62,340
70,196
0,224
0,328
9,180
31,356
76,185
84,352
63,14
47,152
0,149
0,298
0,38
16,226
56,331
73,209
77,150
66,32
18,116
0,86
21,283
0,308
78,335
73,202
59,162
65,14
0,148
0,3
0,24
25,48
37,162
76,8
88,171
63,190
42,346
0,222
0,84
0,311
0,85
69,161
65,18
66,340
72,198
0,237
7,297
0,169
23,1
75,180
80,356
63,7
53,164
0,159
0,307
0,28
15,220
51,333
73,206
81,152
67,32
28,124
0,95
8,265
0,299
75,332
70,207
62,158
68,18
0,138
0,34
24,285
27,167
76,3
83,174
63,186
49,351
0,209
0,71
0,323
0,100
65,160
64,20
70,341
73,199
0,250
15,253
0,158
13,8
73,176
76,1
64,0
58,174
0,169
0,316
0,19
15,213
45,335
73,204
86,154
67,31
35,129
0,104
0,258
0,290
71,330
68,210
65,155
70,22
0,129
0,43
23,260
15,341
76,357
78,179
63,182
55,355
0,197
0,58
0,335
0,114
61,159
63,20
74,342
74,199
0,263
19,234
0,146
0,24
71,172
72,5
66,354
63,181
0,180
0,9
14,206
38,338
73,200
90,321
67,29
42,135
0,113
0,267
0,69
0,281
67,328
67,212
69,153
72,25
0,120
0,53
21,255
0,342
75,352
74,184
63,178
60,359
0,186
0,45
0,346
0,128
56,158
63,20
78,343
75,198
0,277
22,224
0,133
0,36
69,169
69,8
68,350
67,186
0,191
0,359
12,200
31,342
72,196
85,340
68,26
48,141
0,122
0,276
0,61
0,272
62,327
66,212
73,151
74,27
0,111
0,62
17,251
0,333
74,346
69,190
64,173
65,3
0,174
0,33
0,357
0,141
50,158
63,19
83,344
75,197
21,326
23,216
0,120
0,49
66,166
66,12
70,346
71,190
0,203
0,348
9,193
22,345
72,192
81,345
68,22
53,149
0,132
0,284
0,52
0,262
57,327
65,212
78,150
75,29
17,126
0,71
10,243
0,323
73,341
65,197
65,169
69,7
0,164
0,21
0,7
0,154
44,157
63,16
87,346
75,195
32,337
24,210
0,107
0,63
63,163
64,15
72,344
73,194
0,215
4,331
0,187
6,347
71,188
77,349
68,17
59,156
0,142
0,293
0,43
0,253
51,328
64,211
82,150
75,30
27,131
0,80
0,234
0,314
71,336
62,203
66,165
73,12
0,154
0,10
0,17
0,166
37,157
63,13
88,169
75,192
40,344
24,204
0,93
0,303
0,76
59,161
62,17
75,342
76,196
16,280
18,261
0,176
0,354
70,183
73,353
69,11
63,164
0,152
0,302
0,34
0,244
44,329
64,209
87,152
76,30
35,134
9,74
0,243
0,93
0,305
69,332
58,209
68,161
76,16
0,144
17,17
0,178
29,154
63,8
83,172
75,189
47,348
24,199
0,80
0,316
0,91
55,159
60,19
79,342
78,197
24,310
25,232
0,165
0,5
69,179
69,358
70,4
67,171
0,162
0,311
0,25
0,234
36,331
64,206
88,332
76,30
42,137
11,78
0,252
0,84
0,296
66,329
55,214
70,157
79,20
0,134
25,21
0,188
19,355
63,1
78,176
75,185
54,352
24,193
0,66
0,328
0,105
50,156
59,21
82,342
79,198
30,323
29,221
0,153
0,16
0,311
67,175
66,2
71,358
71,177
0,172
0,15
0,225
27,332
64,203
83,335
76,28
49,140
12,85
0,261
0,76
0,287
63,327
53,217
73,154
81,23
0,125
31,24
0,199
0,349
63,355
74,181
75,181
60,356
24,187
0,54
0,339
0,119
45,153
58,21
86,342
81,198
37,331
32,215
0,141
0,28
0,298
65,171
62,6
73,353
75,183
11,186
0,5
0,215
10,329
64,199
78,339
76,26
55,145
13,92
0,270
0,67
0,278
59,326
51,218
76,152
83,26
0,116
35,28
0,209
0,339
0,46
62,347
69,187
76,176
65,1
24,181
0,350
0,133
39,149
58,21
90,169
81,198
42,336
34,210
0,128
0,268
0,40
0,284
62,167
59,10
75,349
78,187
18,237
5,353
0,205
0,328
64,195
73,342
76,22
60,150
13,102
0,278
0,58
0,268
55,325
49,218
80,151
85,28
14,127
38,31
0,219
0,329
0,55
61,341
65,193
76,172
70,5
25,175
0,1
0,146
32,141
57,20
86,165
82,196
48,340
35,206
0,115
0,282
0,53
0,270
58,164
57,13
78,346
81,191
23,296
19,283
0,194
0,338
63,190
68,346
76,18
65,156
12,112
0,287
0,49
0,259
50,326
49,217
84,150
86,29
25,132
41,35
0,228
0,320
0,65
59,334
61,201
77,167
75,9
26,170
0,11
0,159
22,112
57,17
81,166
82,194
53,344
36,202
0,101
0,295
0,66
0,256
54,161
54,16
81,344
83,193
29,316
26,231
0,184
0,207
0,348
63,186
63,351
76,13
70,162
13,124
0,296
0,41
0,250
44,327
48,214
88,151
87,29
33,134
42,37
0,237
0,311
0,74
57,329
57,208
79,163
79,14
28,164
21,12
0,170
4,22
57,12
77,169
82,191
58,347
36,198
0,88
0,308
0,80
0,242
49,158
53,19
85,343
85,196
34,325
31,220
0,173
0,219
0,358
62,182
58,355
76,7
75,168
13,134
0,305
7,40
0,241
37,328
48,211
88,331
87,29
41,137
44,40
0,246
0,90
0,301
0,83
55,325
53,214
81,159
83,18
31,159
30,16
0,182
0,7
57,6
72,172
83,188
63,350
36,194
0,74
0,320
0,95
0,228
43,154
51,22
88,343
86,197
39,330
34,215
0,161
0,232
0,9
61,177
53,359
77,2
79,174
15,146
23,84
0,231
29,330
48,207
83,334
87,27
47,140
44,41
0,255
0,81
0,292
0,92
52,322
50,219
83,156
86,22
34,155
37,20
0,193
0,356
0,30
56,359
68,177
83,184
68,354
36,189
0,61
0,332
0,109
0,215
36,148
50,23
87,162
87,198
44,334
37,212
0,149
0,245
0,20
0,306
59,173
49,3
78,357
83,179
18,166
31,146
0,222
17,330
48,203
78,337
87,25
54,143
45,42
0,264
0,73
0,283
0,101
48,320
47,221
85,153
88,26
37,151
41,23
0,203
0,346
0,40
55,350
64,183
83,179
72,358
37,184
0,343
0,123
0,202
27,136
50,24
83,162
88,198
50,337
39,209
0,137
0,259
0,32
0,293
57,169
44,8
80,352
86,183
21,251
38,177
0,212
0,323
0,11
48,199
74,340
87,22
60,148
45,42
0,272
0,64
0,274
0,111
43,319
44,222
88,151
89,205
41,148
45,27
0,213
0,122
0,336
0,49
54,342
59,190
84,175
77,2
37,179
0,354
0,136
0,190
12,84
50,24
78,163
88,198
55,340
40,206
0,124
0,272
0,44
0,279
54,166
41,12
82,349
89,186
25,305
43,189
0,202
0,332
0,1
48,194
68,344
87,18
66,154
45,41
0,56
0,265
0,120
38,318
42,221
89,331
87,208
45,146
48,30
0,222
0,113
0,327
0,58
52,333
55,199
85,170
81,6
38,174
14,3
0,149
0,179
0,36
49,22
73,164
88,196
60,343
41,203
0,110
0,286
0,57
0,265
51,162
37,17
84,346
88,11
29,318
47,196
0,191
0,342
0,350
48,190
63,348
87,14
71,159
45,38
0,47
0,256
0,130
31,318
41,219
85,331
86,209
50,145
51,32
0,232
0,104
0,318
0,67
50,326
51,208
86,165
84,11
40,170
26,8
0,162
0,168
0,24
49,19
68,165
89,194
65,345
41,199
0,97
0,299
0,250
47,159
34,22
87,344
86,14
34,325
50,199
0,180
0,211
0,352
0,339
47,185
58,352
88,10
76,165
45,32
8,49
0,247
0,139
22,317
40,216
81,331
85,209
54,145
52,34
0,241
0,95
0,308
0,76
47,321
47,216
88,160
88,16
42,165
33,12
0,173
0,158
0,13
49,13
63,168
88,191
70,348
41,196
0,84
0,312
0,236
42,155
31,27
90,347
84,16
39,330
53,201
0,169
0,223
0,2
0,327
47,180
53,356
88,5
81,171
45,23
25,98
0,237
0,149
5,306
39,212
77,333
84,209
59,146
54,36
0,250
0,87
0,299
0,85
43,316
44,223
90,351
89,196
44,160
39,16
0,184
0,148
0,3
0,24
49,5
58,172
88,187
75,351
41,191
0,70
3,329
0,223
36,150
30,32
87,162
83,17
44,333
55,202
0,158
0,236
0,13
0,315
45,176
47,1
89,0
86,176
46,12
35,143
0,228
0,159
0,307
0,28
38,208
73,335
84,207
63,147
54,36
0,259
0,78
0,290
0,95
38,312
40,227
87,335
87,203
47,157
44,20
0,195
0,138
0,352
0,34
49,355
52,178
89,182
79,355
41,187
23,347
0,210
29,140
29,37
83,162
82,18
49,336
57,202
0,145
0,250
0,24
0,302
43,171
42,5
90,359
90,1
47,360
42,168
0,218
0,170
0,316
0,19
38,204
68,338
84,204
68,150
55,36
0,267
0,69
0,281
0,104
32,308
38,228
84,332
85,206
50,153
48,24
0,205
0,129
0,343
0,43
48,344
46,188
89,177
84,359
41,182
32,354
0,198
18,114
28,41
78,162
81,18
55,339
58,201
0,133
0,263
0,36
0,288
41,167
36,10
89,171
86,5
48,351
48,181
0,208
0,181
0,326
0,9
37,199
63,341
83,201
72,154
55,35
0,61
0,272
0,113
23,303
35,228
81,331
83,208
54,151
51,27
0,215
0,120
0,333
0,53
47,334
40,204
89,171
88,4
42,178
39,359
0,186
0,44
0,347
28,44
74,163
81,17
60,342
59,200
0,277
0,49
0,274
37,162
31,16
87,168
82,8
50,344
53,189
0,198
0,192
0,335
0,358
37,194
58,345
83,197
77,159
55,32
0,52
0,262
0,122
6,286
33,226
77,330
81,209
58,149
53,30
0,225
0,111
0,62
45,325
34,227
90,10
88,188
43,173
45,3
0,175
0,32
0,357
28,45
68,164
81,16
66,344
59,198
0,290
0,260
33,157
25,22
85,166
79,12
52,341
57,193
0,187
0,204
0,345
0,348
36,189
53,349
83,193
81,164
55,28
16,76
0,253
0,132
0,284
32,223
73,330
80,210
62,148
55,32
0,234
0,102
0,71
43,318
28,250
89,345
84,193
44,168
50,8
0,164
0,20
0,8
29,43
63,166
81,13
71,347
60,196
0,303
0,245
27,150
20,31
82,164
77,14
54,339
60,196
0,176
0,216
0,355
0,336
34,184
48,353
82,188
86,169
56,22
28,110
0,244
0,142
0,293
31,219
68,331
80,209
66,148
57,34
0,243
0,93
0,80
40,313
21,268
87,340
81,198
46,164
55,12
0,154
0,9
0,18
29,35
58,169
81,10
76,349
60,193
5,325
0,232
19,136
14,45
79,162
74,16
57,339
63,198
0,165
0,229
0,5
0,324
32,178
43,358
82,183
90,177
56,14
36,140
0,234
0,152
0,302
31,214
63,333
79,208
70,149
58,35
0,252
0,84
0,89
36,309
12,282
85,336
78,202
48,159
59,16
0,144
0,359
0,28
29,10
52,173
81,6
82,353
60,189
25,344
0,218
0,79
7,69
76,161
72,18
61,339
65,199
0,153
0,242
0,17
0,311
29,173
37,2
81,179
86,358
57,6
43,162
0,225
0,162
0,311
0,25
30,209
58,335
79,206
75,151
58,35
0,261
8,90
0,98
31,306
0,296
83,333
76,206
51,156
62,20
0,135
0,349
0,37
29,327
45,182
81,1
87,356
59,185
35,351
0,206
0,66
0,328
0,105
72,161
71,19
65,340
67,200
0,255
0,298
25,167
32,7
79,175
83,2
58,358
49,175
0,215
0,173
0,320
0,15
30,204
52,338
79,203
79,154
59,34
23,111
0,107
24,301
0,287
80,331
74,209
55,153
65,23
0,125
0,339
0,46
28,299
38,199
80,356
88,181
60,181
43,356
0,194
0,53
0,339
0,119
68,161
70,19
68,341
68,199
0,269
0,284
19,159
26,14
77,171
79,6
59,352
54,184
0,205
0,184
0,329
0,5
30,198
46,341
79,199
84,158
59,32
32,123
0,116
13,293
0,278
76,330
72,210
59,150
67,26
0,116
0,56
27,286
30,234
80,351
83,185
60,176
49,0
0,182
0,41
0,350
0,133
63,161
69,18
73,343
69,198
0,282
0,270
7,140
19,21
75,168
76,10
61,347
58,190
0,194
0,195
0,355
29,193
39,345
79,195
88,163
59,28
40,133
0,126
0,279
0,58
0,269
72,329
70,211
63,149
69,28
0,107
0,65
24,279
21,278
79,345
79,191
60,172
55,5
0,171
0,29
0,1
0,146
58,162
69,17
77,345
70,197
0,295
0,256
0,115
12,34
72,165
74,13
63,344
61,194
0,184
0,207
0,344
29,187
31,349
78,191
87,345
59,24
46,144
0,135
0,288
0,49
0,260
68,330
69,211
67,149
70,30
0,99
0,74
21,274
2,317
78,341
75,196
61,167
60,9
0,161
0,17
0,11
0,158
53,164
69,14
81,347
70,194
15,330
0,242
0,101
0,67
69,163
71,15
66,342
65,196
0,172
0,219
0,332
27,182
22,353
78,186
83,350
60,17
52,154
0,145
0,296
0,40
0,250
63,331
69,210
72,149
71,31
0,90
0,83
15,267
0,310
76,336
71,202
62,163
65,13
0,150
0,7
0,21
0,170
48,167
69,10
86,350
70,191
27,342
0,228
0,88
0,81
66,161
69,17
69,341
67,198
0,232
0,320
25,176
5,358
77,182
79,355
60,10
57,164
0,155
0,305
0,30
0,241
57,333
68,208
77,151
72,31
12,103
0,92
0,246
0,301
74,333
67,207
64,159
69,17
0,141
0,356
0,31
0,182
42,173
69,5
90,182
70,188
36,349
0,215
0,74
0,95
61,160
68,19
73,341
69,199
0,245
0,307
22,170
0,9
76,177
75,359
61,3
61,172
0,165
0,314
0,21
0,231
51,336
68,205
82,153
72,30
26,119
0,101
0,255
0,292
72,330
64,211
66,156
72,21
0,131
0,40
0,192
35,189
68,359
85,178
70,184
43,354
2,200
0,61
0,332
0,109
57,158
67,20
76,342
71,199
17,306
0,293
17,162
0,20
75,173
71,3
62,356
65,179
0,176
0,323
0,11
0,222
45,339
68,202
87,157
73,28
35,128
0,110
0,264
0,73
0,283
69,329
61,213
68,153
75,24
0,122
14,35
0,203
28,239
68,353
81,182
70,180
50,358
4,189
0,48
0,344
0,123
52,157
66,20
80,342
72,199
26,324
0,279
6,146
0,32
73,170
68,7
64,350
69,185
0,187
0,332
0,1
0,212
37,342
68,198
88,338
73,25
43,136
0,120
0,273
0,64
0,274
66,328
58,215
71,151
77,27
0,113
22,36
0,213
18,299
67,347
77,188
71,175
55,2
6,179
0,36
0,354
0,137
46,155
65,19
84,344
73,197
33,333
10,238
0,123
0,44
71,167
65,11
66,347
73,189
0,198
0,350
0,202
28,345
68,194
83,343
73,22
50,145
0,129
0,281
0,55
0,265
62,328
57,215
74,150
79,28
0,104
27,38
0,222
0,326
66,341
73,194
71,171
61,6
9,171
0,5
0,150
39,152
65,17
88,345
74,196
40,339
15,221
0,110
0,286
0,57
68,164
62,14
69,344
75,192
0,210
0,339
0,191
14,348
68,189
78,348
73,17
56,153
0,139
0,290
0,46
0,256
58,329
55,214
78,150
81,29
0,95
31,41
0,231
0,317
0,68
65,335
69,200
72,166
65,11
12,164
0,15
0,162
31,145
65,13
87,168
74,193
46,344
17,211
0,96
0,300
0,71
64,162
60,17
72,343
78,195
0,223
17,270
0,181
0,352
68,185
73,352
73,12
62,161
0,149
0,299
0,37
0,247
53,331
54,211
82,151
82,30
19,118
34,43
0,241
0,308
0,77
63,331
65,205
74,162
70,15
16,159
0,25
0,174
21,89
65,9
83,171
74,190
51,348
18,203
0,83
0,312
0,85
60,160
58,19
75,342
80,197
12,273
24,235
0,169
0,2
67,180
67,356
73,6
67,169
0,159
0,308
0,28
0,238
48,333
53,209
86,153
83,29
29,125
36,46
0,250
0,298
0,86
60,327
62,210
75,158
73,19
20,154
0,34
0,185
0,3
65,3
78,174
74,186
57,351
19,196
0,69
0,324
0,99
56,158
57,21
79,342
82,198
23,312
28,223
0,158
0,13
66,176
63,1
74,0
72,175
0,169
0,317
0,19
0,228
41,335
53,205
90,316
83,27
37,130
37,47
0,258
0,289
0,95
57,325
59,213
77,155
77,22
24,150
13,31
0,196
0,352
64,357
74,179
75,182
62,355
20,190
0,56
0,336
0,113
50,156
56,22
83,342
83,198
30,326
31,216
0,145
0,250
0,24
65,172
58,5
74,355
76,181
0,180
12,16
0,218
34,338
53,201
85,337
83,25
43,136
38,49
0,267
0,69
0,280
0,104
53,323
56,215
80,153
80,25
29,146
24,31
0,206
0,343
64,350
70,184
75,178
66,359
21,183
0,44
0,347
0,127
44,153
55,22
88,343
84,198
38,333
33,212
0,133
0,263
0,36
63,169
53,9
76,350
80,185
3,193
24,206
0,209
26,341
53,197
81,341
83,22
50,143
38,49
0,276
0,61
0,271
0,113
49,323
54,216
83,151
82,27
33,144
30,33
0,216
0,333
0,52
63,343
65,191
76,173
71,3
22,177
0,32
0,358
0,140
0,187
37,149
55,21
88,165
84,197
44,338
35,208
0,119
0,277
0,49
61,165
49,13
77,347
83,189
12,226
32,204
0,198
13,343
53,193
76,345
83,18
56,150
38,48
0,284
0,52
0,262
0,123
44,323
52,216
86,151
84,29
38,142
35,36
0,225
0,110
0,324
0,61
62,337
61,198
77,169
75,8
24,171
0,8
0,153
0,175
28,134
55,19
83,166
85,195
50,342
35,204
0,106
0,290
0,62
58,163
46,16
79,345
86,192
18,275
38,205
0,188
0,345
0,347
52,188
72,350
83,14
61,158
39,45
0,43
0,253
0,132
38,323
51,214
90,152
86,29
43,141
39,38
0,235
0,101
0,314
0,70
60,332
57,206
78,164
79,12
26,166
15,12
0,165
0,165
13,46
55,15
78,168
85,193
56,346
36,200
0,92
0,303
0,76
0,246
55,160
42,20
82,343
89,193
23,305
42,205
0,177
0,355
0,335
52,183
67,354
84,9
67,165
39,38
0,34
0,244
0,142
31,324
50,211
87,331
87,29
47,141
41,40
0,244
0,92
0,305
0,79
58,327
54,212
79,160
82,17
28,161
26,16
0,177
0,154
0,9
55,9
72,171
85,189
62,349
36,195
0,79
0,316
0,90
0,232
51,157
39,24
85,342
89,17
29,319
46,205
0,165
0,6
0,323
51,179
62,358
84,4
72,172
39,27
0,25
0,234
0,152
21,324
49,208
83,333
88,28
52,143
43,42
0,253
0,84
0,296
0,88
55,324
50,217
82,157
85,21
32,156
33,19
0,188
0,145
0,358
55,2
67,175
85,185
67,353
36,191
0,66
0,328
0,104
0,219
46,155
37,28
88,342
87,18
34,327
48,205
0,154
0,17
0,310
50,175
58,2
85,359
76,178
40,11
0,15
0,225
0,163
0,311
49,204
78,336
88,25
57,145
44,42
0,262
0,75
0,287
0,98
51,322
47,220
84,154
88,25
35,152
38,23
0,198
0,135
0,348
54,353
61,181
85,181
72,357
35,186
0,53
0,340
0,118
0,206
41,151
36,32
89,163
86,18
40,333
51,204
0,141
0,255
0,28
0,297
48,170
53,6
86,354
81,182
41,356
23,72
0,215
0,173
0,320
49,200
74,339
89,22
62,149
45,42
0,270
0,66
0,278
0,107
47,321
45,222
87,152
90,202
39,149
42,26
0,208
0,126
0,338
0,47
54,345
56,189
85,176
77,1
35,181
13,354
0,132
0,194
34,145
34,34
85,163
85,18
45,337
52,202
0,128
0,268
0,41
0,283
45,166
49,10
87,351
85,186
42,345
32,191
0,205
0,184
0,329
0,5
48,196
69,343
89,18
67,153
46,41
0,279
0,57
0,269
0,116
41,320
43,221
89,332
88,208
44,147
45,30
0,218
0,116
0,329
0,56
53,337
50,200
85,171
82,5
36,176
26,1
0,145
0,182
26,129
34,35
81,164
84,17
51,341
53,200
0,115
0,282
0,54
0,269
42,162
45,15
88,348
88,189
44,339
39,198
0,194
0,196
0,338
0,355
48,191
65,347
89,14
71,158
46,38
0,288
0,48
0,260
0,125
35,319
41,220
86,331
86,209
48,145
48,32
0,228
0,108
0,320
0,65
52,330
44,212
86,166
86,10
36,171
35,6
0,158
0,171
13,61
0,1
34,34
76,166
84,15
56,344
54,198
0,101
0,295
0,67
0,255
38,158
41,19
89,163
88,14
46,337
45,200
0,184
0,208
0,348
0,344
48,186
60,351
89,9
76,164
47,33
0,39
0,250
0,135
26,318
40,217
81,331
85,209
53,145
50,34
0,237
0,99
0,311
0,74
50,325
38,226
87,162
90,76
37,166
41,10
0,170
0,161
0,16
0,11
34,30
71,169
84,12
61,347
55,195
0,308
0,81
0,241
34,152
37,23
87,163
86,15
49,336
49,201
0,173
0,220
0,358
0,332
47,182
55,355
90,0
80,169
47,25
18,69
0,241
0,145
11,311
39,214
77,332
84,209
58,145
52,36
0,246
0,90
0,83
48,321
32,238
88,157
86,198
39,161
47,14
0,181
0,151
0,5
0,21
34,18
67,172
84,8
67,351
55,192
0,321
0,95
0,228
27,144
34,28
84,162
83,17
52,337
53,202
0,161
0,233
0,9
0,320
45,177
50,359
89,182
84,175
48,15
29,119
0,231
0,155
0,305
38,210
72,334
83,207
62,147
53,37
0,255
0,81
0,92
45,318
26,248
90,52
83,202
41,157
51,18
0,192
0,141
0,355
0,31
34,358
61,177
84,4
72,354
55,188
0,333
0,109
0,215
18,125
32,33
81,162
81,18
55,338
56,202
0,149
0,246
0,20
0,307
44,173
45,4
88,177
88,179
49,4
36,160
0,222
0,165
0,314
38,205
67,337
83,205
67,150
53,37
0,264
0,72
0,101
42,316
20,255
88,334
80,206
43,153
55,21
0,202
0,131
0,345
0,40
33,333
56,184
84,360
77,358
55,184
0,344
0,123
0,202
0,61
30,38
77,162
80,18
59,339
58,201
0,136
0,260
0,32
0,294
41,168
41,8
87,173
88,4
50,355
42,179
0,212
0,176
0,323
38,200
61,340
83,202
72,153
54,36
0,273
0,64
0,110
37,315
12,262
85,332
78,208
46,150
59,25
0,212
0,122
0,335
0,50
32,313
51,194
84,355
82,2
55,179
24,357
0,137
0,190
0,48
28,42
73,162
79,18
63,341
60,200
0,123
0,273
0,280
38,163
36,13
85,169
85,8
51,348
47,188
0,202
0,187
0,332
0,1
38,195
55,344
83,198
77,157
54,34
15,84
0,120
31,314
0,275
82,331
76,210
50,148
61,27
0,113
0,326
0,59
31,301
45,207
83,349
87,7
55,175
34,2
0,150
0,179
0,36
0,354
27,46
69,163
78,17
67,343
61,198
0,110
0,287
0,265
33,158
31,19
83,167
82,11
53,343
52,194
0,191
0,198
0,342
0,350
38,190
49,348
83,194
82,162
54,30
27,110
0,129
23,313
0,266
79,330
74,210
54,146
64,30
0,104
0,317
0,68
29,294
39,222
83,345
89,190
56,170
42,7
0,162
0,168
0,24
0,5
27,49
65,165
77,14
71,346
62,196
0,300
0,251
27,151
27,25
81,165
79,14
56,341
56,197
0,180
0,211
0,352
0,339
37,185
42,352
83,190
87,167
54,25
36,130
0,139
10,306
0,45
0,257
75,331
73,210
58,146
65,31
0,95
0,307
0,77
26,290
33,238
82,340
84,196
57,166
49,11
0,174
0,157
0,13
0,15
26,48
60,167
77,11
76,349
63,193
0,313
0,237
19,138
23,33
77,163
77,16
59,340
59,199
0,169
0,223
0,327
37,180
34,356
82,185
89,351
54,17
43,148
0,148
0,299
0,36
0,247
71,333
72,209
63,147
67,32
0,87
0,86
22,285
26,251
80,336
80,201
58,162
54,15
0,185
0,147
0,3
0,25
26,35
55,172
76,7
80,352
63,190
18,340
0,224
0,82
19,43
74,162
75,17
62,340
61,200
0,157
0,236
0,315
35,175
25,1
82,180
84,356
54,9
49,163
0,159
0,308
0,27
0,238
66,335
72,207
67,149
68,32
0,78
0,95
15,278
18,263
79,333
77,205
60,158
59,19
0,196
0,138
0,352
0,34
25,303
50,178
76,3
84,355
64,186
28,349
0,211
0,69
15,57
70,161
73,19
66,340
64,200
0,145
0,250
0,302
33,170
13,8
81,176
80,1
55,0
54,173
0,169
0,317
0,18
0,229
61,338
71,204
72,152
68,31
0,69
0,104
0,258
4,282
77,331
73,208
61,155
63,22
0,206
0,128
0,343
0,43
24,268
44,190
76,357
89,359
64,182
36,355
0,198
0,56
12,75
65,160
72,19
69,341
65,200
0,263
0,288
31,165
0,24
80,172
76,5
55,353
59,181
0,180
0,326
0,8
0,219
56,341
71,200
77,156
69,29
8,76
0,113
0,267
0,280
74,330
70,211
64,152
67,25
0,119
0,52
22,262
38,208
75,352
87,184
64,178
43,359
0,187
0,43
10,97
60,160
71,18
74,343
67,199
0,277
0,274
27,159
0,36
79,169
73,8
57,347
63,187
0,191
0,336
0,357
0,209
50,345
71,197
82,160
69,26
25,108
0,123
0,276
0,271
71,329
68,212
67,150
70,28
0,110
0,61
19,257
31,235
74,346
83,189
65,174
49,4
0,175
0,31
0,358
8,120
55,160
70,17
78,344
67,197
18,324
0,260
22,151
0,49
77,166
69,12
59,343
67,191
0,203
0,346
0,346
0,199
43,349
71,192
87,165
69,22
35,128
0,132
0,285
0,52
0,262
67,330
66,212
70,149
72,29
0,101
0,70
14,252
24,263
73,341
79,194
65,169
54,8
0,165
0,20
0,9
7,141
49,161
70,15
82,347
68,195
28,336
0,246
13,135
0,62
74,164
66,14
61,341
70,194
0,215
0,356
0,335
0,188
36,353
71,188
88,348
69,16
43,145
0,142
0,293
0,43
0,253
64,331
64,211
73,149
74,30
0,92
14,58
0,235
14,285
72,336
75,199
66,165
59,12
0,154
0,9
0,19
7,159
42,162
70,11
87,349
68,192
36,343
0,232
0,92
0,304
0,76
72,162
64,17
64,340
73,196
0,228
0,323
0,177
27,358
71,183
83,354
69,11
50,158
0,152
0,302
0,34
0,244
59,333
63,209
77,150
76,30
6,94
20,57
0,244
0,305
70,333
72,204
68,161
63,16
0,144
0,28
7,176
34,164
70,7
88,173
69,189
43,348
0,219
0,78
0,317
0,90
68,161
62,19
67,340
75,198
0,241
16,258
0,166
16,4
71,179
78,358
69,4
57,169
0,162
0,311
0,25
0,234
55,335
62,206
81,152
77,29
21,113
24,59
0,253
0,295
68,330
68,208
70,157
67,20
0,135
0,38
5,190
24,227
70,1
84,176
69,185
49,353
0,206
0,65
0,329
0,104
64,160
60,20
70,341
77,198
0,255
22,231
0,154
0,17
70,175
73,2
70,358
62,177
0,173
0,320
0,15
0,225
49,338
61,203
85,155
78,28
30,121
26,61
0,262
0,286
0,98
65,328
66,211
72,154
70,23
0,126
0,47
0,199
5,345
70,355
79,181
69,181
54,357
0,194
0,52
0,340
0,118
60,159
59,21
74,342
79,198
0,268
26,220
0,141
0,29
69,171
68,6
71,353
67,183
0,184
0,329
0,5
0,215
43,341
61,199
89,161
78,25
37,129
28,62
0,270
0,277
0,107
61,327
63,213
74,152
73,26
12,132
0,56
0,209
0,339
69,349
75,186
69,176
60,1
0,182
0,39
0,351
0,131
55,159
58,21
78,343
80,198
17,318
29,213
0,128
0,41
67,168
64,10
72,349
72,187
0,195
0,355
0,205
37,345
61,195
87,342
78,22
43,138
29,64
0,279
0,57
0,268
0,116
57,326
61,213
77,151
76,28
20,134
0,65
0,219
0,329
69,343
70,192
69,172
64,5
0,171
0,27
0,2
0,145
49,159
58,20
83,345
80,196
28,333
31,208
0,115
0,54
65,165
60,13
73,346
76,191
0,207
12,326
0,195
29,349
60,191
82,346
79,18
49,148
29,65
0,288
0,48
0,259
0,126
52,327
59,213
81,150
78,29
27,134
15,52
0,228
0,320
68,338
66,199
70,167
69,9
0,161
0,16
0,12
0,157
43,159
58,17
88,347
81,194
36,341
32,204
0,101
0,295
0,67
63,162
56,16
75,344
79,194
10,247
24,240
0,184
19,353
60,186
78,351
79,13
55,157
30,64
0,297
0,39
0,250
0,135
47,328
58,211
84,151
79,30
33,134
22,52
0,238
0,98
0,311
66,333
62,205
71,163
73,13
0,151
0,5
0,22
0,169
36,159
58,12
87,171
81,191
44,346
33,199
0,88
0,308
0,81
60,160
53,19
77,342
82,196
17,288
31,220
0,173
0,359
0,331
59,182
74,355
79,8
60,166
30,58
0,305
0,30
0,241
0,145
41,330
57,209
88,153
80,29
39,135
26,53
0,247
0,89
0,302
65,330
58,210
72,159
77,17
0,141
16,20
0,180
27,157
58,7
82,174
81,188
51,350
33,194
0,74
0,321
0,95
57,159
50,22
80,342
85,197
23,311
36,213
0,161
0,9
0,319
58,178
69,360
79,2
65,173
31,43
0,21
0,231
0,155
33,331
56,206
88,333
81,28
44,138
29,54
0,256
0,81
0,293
0,92
62,327
55,215
74,156
80,21
4,136
26,23
0,191
12,348
58,359
77,178
82,184
57,354
33,190
0,61
0,333
0,109
53,157
48,24
83,342
87,198
28,323
40,209
0,149
0,21
0,306
57,173
65,4
80,357
70,180
31,13
0,11
0,222
0,166
23,333
56,202
83,337
82,26
50,141
32,55
0,265
0,72
0,284
0,101
60,326
52,218
76,154
83,24
15,140
32,26
0,202
0,344
58,352
72,183
82,179
63,358
33,184
0,48
0,344
0,123
48,155
46,26
86,343
89,198
34,331
43,207
0,137
0,33
0,293
55,170
61,7
81,353
74,185
32,346
0,1
0,212
0,176
0,323
55,198
79,340
82,23
55,146
33,56
0,273
0,63
0,275
0,110
56,325
49,219
79,152
86,27
22,139
37,29
0,212
0,335
58,344
67,189
82,175
68,2
33,179
0,36
0,355
0,137
43,153
44,26
90,314
90,14
39,336
45,204
0,123
0,45
0,279
53,166
57,11
82,349
78,189
34,334
2,349
0,202
0,188
0,332
55,194
74,344
83,19
60,152
34,55
0,282
0,54
0,266
0,119
52,326
47,219
82,151
88,29
29,138
41,32
0,221
0,113
0,325
0,59
57,337
61,197
82,170
74,6
33,174
0,5
0,150
37,150
43,26
86,166
89,15
45,341
47,201
0,110
0,287
0,58
0,265
50,162
53,15
84,346
81,192
36,331
22,256
0,191
0,199
0,342
55,189
70,348
83,15
65,158
35,53
0,291
0,45
0,257
0,128
47,326
45,217
86,151
90,30
35,138
44,34
0,231
0,104
0,316
0,68
56,331
56,205
83,166
78,11
33,169
17,9
0,162
29,140
43,23
82,168
88,13
50,345
48,198
0,96
0,300
0,72
0,251
46,159
50,18
86,344
85,194
39,330
30,220
0,180
0,211
0,352
55,185
65,352
83,10
70,164
35,48
0,300
0,36
0,247
0,138
42,328
44,215
89,154
89,209
41,138
47,36
0,240
0,96
0,307
0,77
55,327
51,214
83,161
83,15
34,164
29,13
0,174
19,60
42,17
78,171
88,10
55,348
49,195
0,82
0,313
0,85
0,237
42,155
47,21
89,343
87,196
42,332
36,212
0,169
0,224
0,2
0,328
54,180
60,357
83,5
74,170
36,38
0,309
0,27
0,238
0,148
34,329
43,211
86,333
88,209
46,140
49,38
0,249
0,87
0,298
0,86
53,324
45,221
85,158
87,20
35,159
36,17
0,185
0,2
0,25
42,7
73,175
88,7
60,352
49,191
0,69
0,326
0,100
0,224
37,150
44,24
89,162
90,195
45,334
41,209
0,157
0,237
0,13
0,315
53,176
55,1
84,0
78,176
36,21
20,64
0,229
0,158
25,330
42,207
82,335
87,207
52,143
50,38
0,258
0,78
0,289
0,95
51,322
40,227
86,155
89,200
37,154
42,20
0,196
0,351
0,34
42,354
69,179
88,3
65,356
49,187
0,337
0,114
0,211
30,142
42,27
85,162
88,18
49,336
45,206
0,145
0,251
0,24
0,302
52,172
51,5
84,356
83,181
37,1
30,154
0,219
0,168
9,327
42,203
77,338
87,205
58,146
51,38
0,267
0,69
0,280
0,104
48,321
35,230
88,152
86,205
39,150
47,24
0,206
0,128
0,342
0,44
41,339
64,186
87,358
70,360
50,183
0,348
0,127
0,198
20,120
41,29
82,163
87,18
53,339
48,204
0,132
0,264
0,36
0,289
50,168
46,9
85,352
86,185
39,347
37,184
0,209
0,179
0,327
42,198
71,342
86,202
63,151
51,37
0,276
0,61
0,271
0,113
44,321
31,232
90,335
83,208
42,147
52,27
0,216
0,119
0,332
0,53
40,327
59,193
87,353
75,4
50,178
0,359
0,141
0,187
0,43
39,30
78,163
86,17
57,341
50,202
0,119
0,278
0,49
0,275
48,164
41,14
87,349
90,169
41,339
43,193
0,199
0,191
0,336
0,356
42,193
66,346
86,198
69,156
51,34
0,52
0,123
40,321
26,233
87,331
81,209
45,145
55,29
0,225
0,110
0,323
0,62
39,317
54,202
87,349
80,8
50,173
10,7
0,153
0,175
0,31
39,29
74,165
85,15
61,344
52,199
0,105
0,291
0,260
45,160
37,18
89,347
87,12
43,336
47,198
0,188
0,202
0,346
0,346
42,188
60,350
86,193
74,162
51,30
0,43
0,132
34,322
22,232
84,331
79,210
49,144
58,31
0,235
0,101
0,313
0,71
37,311
49,212
86,344
84,13
51,169
26,10
0,165
0,165
0,20
38,25
69,167
84,13
66,347
53,196
0,91
0,305
0,246
41,156
33,24
89,163
84,15
46,335
51,200
0,177
0,215
0,356
0,334
42,184
54,354
86,188
79,168
51,24
19,78
0,142
27,323
18,229
81,332
77,209
53,144
60,33
0,244
0,92
0,304
0,80
35,306
44,221
85,340
88,18
52,164
35,14
0,177
0,154
0,9
0,19
38,17
65,170
84,9
70,350
54,193
0,78
0,317
0,233
36,152
29,30
86,163
81,16
49,336
55,201
0,165
0,228
0,6
0,322
41,179
48,358
86,183
84,173
51,16
31,125
0,152
17,321
14,226
77,334
76,208
57,145
62,33
0,253
0,83
0,295
0,89
31,303
39,228
84,336
88,200
53,160
42,18
0,188
0,144
0,358
0,28
37,3
60,175
83,5
74,353
55,189
0,329
0,219
30,144
26,36
83,162
79,18
53,337
58,201
0,153
0,241
0,17
0,310
41,174
41,2
86,179
89,178
51,6
39,158
0,162
0,311
0,24
11,221
73,337
75,206
61,147
63,33
0,75
0,286
0,98
26,299
34,233
82,333
84,204
54,156
48,21
0,199
0,135
0,348
0,38
37,345
55,181
83,1
79,357
55,185
20,350
0,206
22,128
23,45
79,162
78,18
56,339
60,201
0,141
0,254
0,29
0,297
39,169
33,7
85,174
86,2
52,357
45,175
0,173
0,321
0,14
9,216
68,340
74,203
66,151
64,32
0,66
0,277
0,107
20,295
29,236
80,331
81,207
56,153
53,24
0,209
0,125
0,339
0,47
36,327
49,191
83,356
83,1
56,181
30,356
0,194
0,51
21,54
75,162
76,18
61,341
62,200
0,128
0,268
0,283
37,165
25,14
84,171
82,6
52,350
51,184
0,184
0,330
0,4
7,209
63,343
74,199
71,155
64,29
0,57
0,116
6,281
24,238
78,330
78,209
59,151
57,27
0,219
0,116
0,329
0,56
35,315
44,205
83,351
88,6
56,176
38,1
0,183
0,38
20,65
70,163
75,17
65,343
63,199
0,282
0,269
35,160
14,25
83,167
78,10
53,344
56,190
0,195
0,339
0,354
4,202
58,347
74,195
75,160
65,26
0,48
0,126
0,279
19,238
75,330
76,210
61,149
61,29
0,228
0,107
0,65
34,306
38,222
82,346
88,189
57,172
44,6
0,172
0,26
0,2
19,78
65,164
75,16
70,345
64,197
0,296
0,255
31,155
0,53
81,165
74,12
55,341
60,194
0,207
0,349
0,343
0,195
53,351
74,191
80,165
65,21
13,65
0,135
0,288
14,238
71,331
74,210
65,148
63,31
0,238
0,98
0,74
32,301
31,240
81,341
84,195
57,167
50,10
0,161
0,15
0,12
19,96
60,167
74,13
75,348
65,194
0,309
0,241
27,147
0,67
79,163
71,15
57,339
64,196
0,220
0,359
0,331
0,185
47,355
74,186
85,171
65,16
28,110
0,145
0,297
8,238
68,332
72,209
68,148
66,32
0,247
0,89
0,83
29,297
24,256
80,337
81,200
58,163
54,14
0,151
0,4
0,22
19,126
54,170
74,9
80,351
66,191
21,340
0,227
20,135
0,81
77,162
68,17
59,339
67,198
0,233
0,10
0,319
0,174
41,360
74,182
90,177
65,9
37,146
0,155
0,305
0,30
0,241
64,334
71,207
72,150
68,32
0,80
0,92
25,294
15,270
78,334
77,204
60,159
59,18
0,141
0,354
0,32
19,183
47,176
74,5
85,354
66,188
31,348
0,214
7,96
0,95
74,161
66,19
62,340
70,199
0,246
0,21
0,306
0,162
34,4
73,178
86,360
65,3
44,168
0,165
0,314
0,21
0,231
59,337
70,205
75,152
69,31
11,93
0,101
18,289
0,292
76,331
74,207
62,156
63,21
0,132
0,344
0,41
19,223
40,188
74,359
90,358
66,184
39,354
0,202
0,60
0,333
0,109
70,161
64,20
65,341
72,199
0,260
8,269
0,150
26,10
73,174
81,4
66,356
51,179
0,176
0,323
0,11
0,222
54,340
69,201
79,155
70,29
23,109
0,110
3,271
0,284
73,330
71,210
64,153
66,24
0,122
0,50
18,240
31,222
73,354
85,183
66,179
46,358
0,190
0,47
0,344
0,123
67,161
62,20
68,342
74,198
0,274
17,233
0,137
16,19
72,170
77,7
67,351
57,186
0,187
0,333
0,1
0,212
49,344
69,198
84,159
71,26
31,121
5,111
0,274
0,275
70,329
68,211
67,151
69,27
0,113
0,59
17,248
20,288
73,348
81,188
66,175
52,2
0,179
0,35
0,355
0,136
62,162
61,20
72,344
76,197
0,287
22,219
0,124
0,45
70,167
73,11
68,347
62,191
0,199
0,350
0,202
43,347
69,194
88,164
72,22
38,133
10,109
0,283
0,266
67,329
66,212
70,150
72,29
0,104
0,68
15,252
0,325
73,342
76,193
66,170
57,6
0,168
0,23
0,6
0,149
58,163
60,18
76,346
77,196
0,301
25,211
0,110
0,58
68,164
69,14
69,344
66,194
0,211
0,339
0,191
36,352
68,189
88,347
72,18
45,145
13,113
0,291
0,45
0,256
62,330
64,211
73,150
74,30
0,95
0,77
11,252
0,316
72,338
71,199
66,166
63,11
0,157
0,12
0,16
0,161
52,166
60,15
81,349
77,193
17,334
27,204
0,96
0,72
66,162
66,16
71,342
70,196
0,224
0,328
0,180
28,356
68,185
83,352
72,12
50,157
14,121
0,300
0,35
0,247
58,332
63,210
77,150
76,30
18,116
0,86
0,241
0,307
71,334
67,204
67,162
67,15
0,147
0,1
0,25
0,173
47,170
60,10
85,352
78,190
29,345
29,199
0,83
0,86
63,161
63,18
73,342
74,197
9,264
5,304
0,169
18,1
67,180
79,357
73,6
56,167
15,131
0,309
0,26
0,238
52,334
62,207
81,152
77,30
27,123
10,77
0,250
0,298
70,331
63,209
68,158
71,19
0,138
0,351
0,35
0,184
40,179
60,4
90,347
78,187
37,351
29,194
0,69
0,325
0,100
60,159
60,20
76,342
77,198
17,301
20,239
0,157
0,13
66,176
75,1
73,1
61,175
17,146
0,318
0,17
0,228
46,336
61,204
86,155
78,28
34,128
16,75
0,259
0,78
0,289
68,329
59,213
70,155
75,22
0,128
13,32
0,195
33,203
60,357
85,180
78,183
45,356
30,188
0,56
0,337
0,114
57,158
58,21
78,342
80,198
24,319
27,221
0,145
0,25
65,172
71,5
74,355
65,182
18,175
0,327
0,7
0,219
39,339
61,201
90,330
79,26
41,134
19,76
0,268
0,69
0,280
65,328
56,216
71,153
78,25
0,119
24,31
0,205
23,273
60,350
80,185
78,178
52,360
30,183
0,43
0,348
0,128
52,158
56,22
82,343
82,198
29,329
32,212
0,132
0,37
0,288
64,169
67,9
75,351
69,187
20,245
0,357
0,209
30,342
60,196
85,341
79,23
47,141
21,78
0,276
0,60
0,271
62,328
52,217
74,151
81,27
0,110
30,33
0,215
6,323
60,342
76,190
78,173
58,4
30,178
0,31
0,359
0,141
48,157
54,21
85,344
83,197
35,336
35,207
0,119
0,49
0,275
62,166
63,12
76,347
73,190
22,290
0,346
0,199
17,345
60,192
80,345
79,19
53,149
23,81
0,285
0,51
0,263
59,328
50,216
76,150
84,29
0,101
35,36
0,225
0,322
59,336
71,196
79,169
64,8
30,172
0,9
0,154
42,157
53,19
89,346
85,195
40,341
38,203
0,105
0,62
0,260
59,163
60,15
78,345
77,193
25,307
0,334
0,188
0,203
0,346
60,188
75,350
79,14
58,157
23,84
0,294
0,42
0,253
55,330
48,215
79,150
86,29
17,119
39,38
0,234
0,313
0,71
58,331
66,202
79,165
69,12
31,167
0,19
0,166
36,156
53,15
87,170
86,193
46,345
40,199
0,91
0,305
0,76
0,246
56,160
56,18
80,343
80,195
29,317
16,272
0,177
0,215
0,356
60,183
70,354
79,9
63,165
24,87
0,303
0,33
0,244
51,332
46,213
83,152
87,29
26,124
42,39
0,244
0,304
0,80
57,327
61,208
80,161
74,16
32,161
0,29
0,178
28,151
52,10
83,173
86,189
51,349
41,195
0,77
0,318
0,90
0,233
53,158
54,20
83,342
83,197
32,324
25,230
0,165
0,228
0,6
59,179
65,358
79,4
68,172
24,87
0,312
0,24
0,235
45,334
45,209
87,154
89,27
33,129
45,40
0,253
0,83
0,295
0,89
56,325
57,213
81,157
78,20
33,157
19,24
0,189
17,353
52,2
79,177
87,186
56,353
42,190
0,64
0,330
0,104
0,219
48,156
51,23
86,342
85,198
36,329
31,217
0,153
0,241
0,17
59,175
60,2
80,359
73,178
25,72
0,321
0,14
0,225
39,337
44,205
89,334
89,22
40,134
46,41
0,261
0,75
0,286
0,98
54,323
52,217
82,154
83,24
34,152
29,25
0,199
0,348
51,352
74,181
87,181
61,357
43,186
0,51
0,341
0,118
0,207
43,153
49,24
89,342
87,198
41,333
36,211
0,141
0,255
0,29
0,297
58,171
55,6
80,354
77,183
25,337
19,19
0,216
31,340
44,201
85,339
90,233
46,140
48,40
0,270
0,66
0,277
0,107
51,323
48,220
84,152
86,27
37,148
37,28
0,209
0,338
0,47
51,343
70,187
87,176
66,1
43,181
0,38
0,352
0,131
0,195
36,148
47,25
87,164
89,198
45,337
39,207
0,128
0,269
0,41
0,283
56,167
50,10
81,350
81,187
27,318
29,201
0,206
0,183
21,342
43,197
80,343
90,205
53,146
48,38
0,279
0,57
0,268
0,117
48,323
44,220
86,151
90,32
39,145
42,30
0,219
0,116
0,329
0,56
50,334
65,194
88,171
70,5
43,176
0,3
0,144
0,183
28,135
46,24
83,165
90,8
50,341
42,203
0,114
0,283
0,54
0,269
55,164
45,14
82,347
85,190
29,318
36,202
0,195
0,195
0,340
43,192
75,347
89,199
59,154
49,35
0,288
0,48
0,259
0,126
44,324
41,220
89,151
88,209
42,143
47,32
0,229
0,107
0,319
0,65
49,327
61,201
88,166
75,10
44,172
0,13
0,157
0,172
15,67
45,22
79,167
89,13
54,344
44,200
0,101
0,296
0,67
0,255
52,161
41,19
84,345
89,192
31,321
42,203
0,185
0,207
0,350
0,342
43,187
70,351
89,194
64,161
49,30
0,39
0,250
0,136
39,326
38,218
88,331
85,209
46,142
50,34
0,238
0,98
0,310
0,74
47,322
56,208
89,161
79,14
44,167
0,23
0,169
0,161
0,15
45,18
75,169
88,11
59,348
45,196
0,87
0,309
0,241
49,158
37,23
85,343
88,16
34,325
46,203
0,173
0,219
0,360
0,330
43,182
64,356
89,188
70,168
49,23
0,30
0,241
0,145
33,327
35,215
85,332
83,209
49,142
53,35
0,247
0,89
0,301
0,83
45,318
52,215
90,128
83,18
45,162
22,19
0,180
0,151
0,4
44,10
70,173
88,8
64,351
46,192
0,73
0,322
0,228
46,155
33,29
88,343
86,17
38,329
50,203
0,162
0,232
0,10
0,318
43,177
59,360
89,182
75,174
49,14
0,21
0,231
0,155
26,329
33,212
82,335
82,207
53,143
56,35
0,256
0,80
0,292
0,92
43,316
47,220
89,337
87,22
47,158
31,22
0,191
0,141
0,354
44,359
65,178
88,4
69,355
47,188
0,60
0,334
0,215
41,152
29,35
89,162
83,18
42,333
54,203
0,150
0,246
0,22
0,305
42,173
53,4
89,177
80,180
50,4
23,81
0,222
0,166
14,329
31,207
78,338
80,205
58,146
57,35
0,265
0,71
0,283
0,101
39,315
43,223
87,334
90,199
48,154
38,25
0,202
0,132
0,344
0,41
44,346
59,184
88,359
73,358
47,184
0,47
0,345
0,202
36,147
26,42
86,163
81,18
46,336
56,202
0,137
0,260
0,33
0,292
41,168
47,8
88,173
85,184
50,354
33,178
0,212
0,177
0,324
0,11
30,202
74,341
80,202
62,150
59,33
0,274
0,62
0,274
0,110
35,314
39,225
85,332
87,207
50,151
44,28
0,212
0,122
0,335
0,50
44,334
54,193
87,355
78,2
48,179
19,358
0,190
29,138
24,51
82,164
80,18
51,340
59,200
0,124
0,273
0,46
0,278
40,164
41,12
87,169
90,172
50,347
41,191
0,202
0,188
0,333
0,0
29,197
69,345
79,198
66,155
59,31
0,54
0,265
0,119
29,313
35,225
82,331
84,209
53,149
48,30
0,222
0,113
0,325
0,59
43,325
48,204
87,350
83,7
48,175
30,3
0,179
19,102
22,61
78,165
79,17
55,343
60,198
0,287
0,59
0,264
38,160
35,18
86,166
86,11
51,342
47,195
0,191
0,199
0,343
0,350
28,192
65,349
79,194
71,161
60,27
0,45
0,256
0,128
20,310
32,224
79,331
81,209
56,147
52,32
0,231
0,104
0,316
0,68
42,319
42,217
87,345
87,12
48,170
37,8
0,168
0,22
21,73
74,167
78,14
60,346
62,196
0,301
0,250
35,155
28,24
85,164
82,14
53,339
53,198
0,180
0,212
0,353
0,339
27,186
60,353
78,190
75,166
60,22
0,35
0,247
0,138
0,291
29,222
76,331
79,209
59,146
55,33
0,241
0,95
0,77
41,315
36,231
86,341
89,194
49,165
44,12
0,158
0,11
0,16
20,89
69,170
77,12
65,349
63,193
0,314
0,236
31,150
21,34
83,163
78,16
54,338
57,199
0,169
0,224
0,3
0,327
26,181
55,357
78,185
80,172
61,15
9,39
0,148
0,300
26,218
72,333
78,208
62,147
58,34
0,250
0,86
0,86
39,312
29,243
85,337
85,200
50,161
49,16
0,148
0,0
0,26
20,125
64,174
77,8
71,352
63,190
0,326
0,223
26,141
11,56
81,162
75,17
56,338
61,200
0,157
0,238
0,14
0,315
25,175
49,1
78,181
84,177
61,8
25,98
0,158
0,309
24,214
68,335
76,206
66,149
60,34
0,259
0,77
0,95
36,310
21,255
84,334
81,204
51,157
54,19
0,138
0,350
0,35
20,208
58,180
77,3
76,356
64,186
3,341
0,210
19,125
0,100
78,162
72,18
59,339
64,200
0,251
0,25
0,302
22,169
44,6
77,176
89,181
61,1
34,165
0,168
0,318
22,209
64,338
75,204
70,151
62,33
0,268
0,69
0,104
32,310
11,269
82,332
78,207
53,154
58,23
0,128
0,340
0,44
21,242
52,188
77,358
81,360
64,182
24,354
0,198
3,63
0,114
75,162
70,19
62,341
67,199
0,265
0,37
0,288
19,162
38,10
76,172
87,6
62,354
41,184
0,179
0,327
0,7
21,203
58,342
75,200
74,155
63,31
9,76
0,113
28,309
0,280
80,331
75,209
55,151
62,26
0,119
0,331
0,54
20,254
46,201
76,352
86,4
64,178
34,360
0,186
0,43
0,348
0,128
72,163
68,19
65,342
69,198
0,279
0,274
14,152
31,16
75,169
83,9
62,349
48,191
0,191
0,336
0,357
20,197
53,346
74,196
79,160
64,27
23,101
0,122
21,307
0,272
78,330
72,210
58,149
66,28
0,110
0,322
0,63
20,261
39,219
76,347
89,188
64,174
42,4
0,175
0,31
0,359
0,141
68,164
66,18
68,345
71,197
0,293
0,260
0,119
24,23
74,166
79,12
63,345
53,195
0,203
0,346
0,346
19,191
47,349
74,192
83,164
64,23
31,120
0,131
8,298
0,263
75,331
70,211
61,148
68,30
0,101
0,71
18,265
30,242
76,342
84,194
64,169
49,8
0,164
0,19
0,9
0,154
64,166
65,16
72,347
73,195
0,306
11,223
0,105
16,35
72,164
76,14
65,343
58,197
0,215
0,335
18,185
41,354
74,188
87,170
65,18
38,139
0,141
0,295
0,41
0,254
71,332
68,210
65,148
71,30
0,92
0,80
16,267
20,269
75,338
79,199
65,165
55,12
0,154
0,8
0,19
0,166
59,170
64,12
76,350
74,192
0,318
16,209
0,91
0,77
70,162
72,16
67,341
62,198
0,228
0,323
17,178
33,358
74,183
88,353
65,12
45,155
0,151
0,303
0,32
0,244
67,334
67,208
69,149
73,30
0,83
0,89
12,266
0,303
74,334
74,204
65,161
60,16
0,144
0,358
0,29
0,177
54,175
64,8
81,353
74,189
13,341
19,201
0,77
0,91
67,161
69,18
69,341
66,199
0,241
0,310
15,171
24,3
73,179
84,358
66,5
51,168
0,161
0,312
0,23
0,235
62,336
65,206
73,151
74,30
0,75
0,98
0,253
0,295
73,331
70,208
66,157
65,20
0,134
0,348
0,38
0,188
49,183
63,2
85,357
75,185
26,351
21,194
0,64
0,105
64,160
67,19
71,341
69,199
0,255
0,297
13,163
11,12
73,175
80,2
66,358
56,177
0,172
0,321
0,13
0,226
57,339
65,203
77,154
75,28
17,99
9,91
0,262
0,286
72,330
66,211
67,154
69,23
0,125
0,338
0,47
0,199
43,196
63,355
89,2
75,181
35,357
22,188
0,51
0,119
60,160
65,20
74,342
72,199
13,303
0,283
6,150
0,29
72,171
75,6
67,353
61,184
0,183
0,331
0,3
0,216
51,343
64,199
82,158
76,25
28,115
14,89
0,271
0,277
70,329
62,213
69,152
73,26
0,116
0,329
0,56
0,209
36,218
63,348
86,186
75,177
42,2
23,182
0,38
0,353
0,132
56,160
63,19
77,344
74,198
21,324
9,244
0,127
0,41
71,168
71,10
68,348
65,189
0,194
0,340
0,352
0,206
45,347
64,195
87,163
77,22
36,129
17,91
0,279
0,57
0,268
67,329
58,214
71,150
76,28
0,107
17,44
0,219
28,248
62,341
82,191
75,172
49,6
24,176
0,26
0,3
0,145
51,160
62,18
81,345
76,196
28,334
18,218
0,114
0,54
69,165
68,13
69,345
69,192
0,206
0,350
0,341
0,195
37,350
63,191
88,346
77,18
43,142
18,96
0,288
0,48
0,259
64,330
55,214
73,150
79,29
0,98
26,43
0,228
18,279
62,336
77,196
76,168
55,10
24,170
0,15
0,13
0,158
46,161
61,16
84,348
77,194
34,341
24,208
0,100
0,67
67,163
64,15
70,343
73,195
0,219
0,330
0,185
27,355
63,186
83,351
77,13
50,154
19,102
0,297
0,39
0,250
61,332
53,212
76,150
82,29
0,89
31,44
0,238
0,309
0,74
61,331
73,202
76,163
60,14
25,164
0,23
0,170
40,164
60,11
88,350
79,191
40,346
27,201
0,86
0,310
0,81
0,242
65,161
61,18
73,342
76,196
6,249
0,318
0,174
13,360
63,182
78,356
77,8
56,164
19,112
0,306
0,30
0,241
57,334
50,210
79,151
84,29
11,101
36,44
0,247
0,301
0,83
60,328
69,206
77,160
65,18
26,158
0,32
0,181
33,171
59,6
88,175
79,188
46,350
29,195
0,72
0,322
0,95
0,228
62,160
58,20
75,342
79,197
16,295
19,244
0,162
0,10
63,178
72,360
77,2
61,173
19,127
0,315
0,20
0,232
52,337
49,207
82,154
85,27
22,113
39,45
0,256
0,292
0,92
58,326
64,210
78,156
70,21
27,153
0,42
0,192
23,271
59,359
83,178
80,184
51,355
31,190
0,59
0,334
0,109
0,215
58,159
56,22
78,342
82,198
23,317
26,223
0,150
0,22
62,173
67,4
78,357
67,180
19,159
0,324
0,10
0,222
47,340
47,203
86,157
87,25
30,121
41,45
0,265
0,283
0,101
56,325
60,213
79,154
74,24
29,149
0,51
0,202
7,339
59,351
79,183
80,179
56,359
32,185
0,46
0,346
0,122
0,203
54,158
54,23
81,343
84,198
29,327
31,214
0,137
0,260
0,33
62,170
62,7
78,352
72,185
20,227
0,334
0,0
0,212
41,343
47,199
90,332
87,22
37,130
43,44
0,274
0,274
0,110
54,325
57,215
81,152
78,27
32,145
18,39
0,213
0,122
0,334
58,344
74,189
81,175
61,3
33,180
0,34
0,356
0,136
0,191
49,157
52,23
85,344
86,197
35,335
35,208
0,124
0,274
0,46
61,166
57,11
79,349
76,189
20,272
12,338
0,202
35,347
46,195
86,344
88,18
44,140
44,42
0,282
0,54
0,265
0,119
51,325
53,215
83,151
82,28
35,142
28,38
0,222
0,113
0,325
58,337
70,195
81,170
66,7
34,174
0,22
0,7
0,148
0,179
43,157
51,21
89,345
87,196
40,340
38,204
0,110
0,287
0,59
59,164
52,15
79,346
80,192
22,293
25,234
0,192
26,351
46,190
81,349
88,14
50,150
45,38
0,291
0,45
0,256
0,129
47,326
50,215
85,151
85,29
38,140
35,39
0,232
0,104
0,316
0,68
57,332
66,201
82,166
71,11
35,169
0,11
0,17
0,161
0,169
36,155
50,18
86,169
88,194
46,344
40,200
0,96
0,301
0,72
0,250
57,161
47,18
81,344
84,194
24,306
33,214
0,181
13,355
45,185
76,353
88,9
56,160
46,32
0,300
0,36
0,247
0,138
42,328
48,213
88,152
87,29
41,139
40,40
0,241
0,95
0,307
0,77
56,327
61,207
82,161
75,15
35,164
0,26
0,172
0,158
26,141
49,13
82,172
89,191
51,348
41,196
0,82
0,314
0,86
0,236
55,159
43,22
82,343
88,195
27,316
39,209
0,170
0,4
0,326
45,181
72,357
89,5
61,169
46,23
0,26
0,238
0,148
37,330
45,210
89,331
89,26
45,139
44,40
0,250
0,86
0,298
0,86
54,325
57,212
83,158
79,19
37,159
14,25
0,184
0,148
11,360
49,6
77,175
89,188
57,352
42,191
0,68
0,326
0,100
0,223
52,157
38,27
84,342
89,18
30,323
44,207
0,158
0,14
0,314
45,176
67,1
89,1
67,176
46,12
0,17
0,228
0,159
30,333
44,207
86,335
89,208
49,141
47,40
0,259
0,77
0,289
0,95
52,323
53,216
85,155
83,23
38,155
26,25
0,194
0,138
0,350
48,356
72,180
90,184
62,356
43,187
0,55
0,338
0,114
0,210
48,155
34,31
87,342
87,18
34,329
48,205
0,145
0,26
0,301
44,172
62,5
89,357
72,182
46,1
0,7
0,219
0,169
20,334
42,203
82,338
87,205
54,145
49,39
0,268
0,68
0,280
0,104
50,322
49,219
86,152
86,26
40,151
33,28
0,205
0,129
0,340
48,345
66,186
90,172
67,360
43,182
0,43
0,349
0,127
0,198
44,154
31,37
90,341
84,18
38,334
51,203
0,132
0,265
0,38
0,287
43,167
57,9
89,354
77,186
47,351
7,355
0,209
0,180
0,327
41,198
78,342
86,202
58,149
51,37
0,277
0,59
0,271
0,113
47,322
45,220
88,151
90,31
43,148
39,30
0,215
0,119
0,331
48,336
61,193
90,3
72,4
44,178
0,31
0,360
0,186
39,151
28,43
87,165
83,17
43,339
54,201
0,119
0,279
0,50
0,273
42,163
52,13
90,156
82,190
47,344
25,232
0,198
0,191
0,337
40,193
74,346
85,198
62,155
53,34
0,286
0,50
0,262
0,122
42,323
42,220
89,331
88,208
45,145
44,32
0,225
0,110
0,321
0,63
48,328
55,202
90,355
77,8
44,173
15,6
0,175
33,146
25,51
84,167
81,16
47,343
56,198
0,105
0,292
0,63
0,260
40,159
47,17
89,165
86,192
48,340
34,209
0,188
0,203
0,346
0,346
40,189
69,350
85,193
67,161
54,29
0,295
0,41
0,253
0,131
37,324
38,219
86,331
85,209
49,144
48,34
0,234
0,101
0,312
0,72
47,323
49,212
89,348
82,13
44,168
27,11
0,164
24,122
24,60
80,169
80,13
52,346
58,196
0,91
0,306
0,77
0,246
37,155
42,21
88,164
90,28
50,337
42,205
0,177
0,216
0,356
0,335
39,184
65,354
84,188
71,167
54,23
0,32
0,244
0,141
30,325
36,216
83,332
83,209
52,144
51,35
0,244
0,92
0,303
0,80
46,320
43,222
89,342
86,18
44,163
35,14
0,154
11,13
0,20
22,73
75,173
79,10
57,350
59,193
0,319
0,91
0,232
34,150
37,26
86,163
86,16
51,337
47,204
0,165
0,229
0,7
0,323
39,179
60,359
84,184
76,173
55,15
0,22
0,151
21,325
33,213
79,334
81,208
56,145
54,36
0,253
0,83
0,295
0,89
45,318
36,231
88,338
89,198
45,159
42,18
0,144
0,357
0,29
22,125
71,177
79,6
62,354
60,189
0,331
0,105
0,219
29,143
32,31
84,162
83,17
53,337
52,203
0,153
0,242
0,18
0,310
38,174
55,3
84,179
80,178
55,7
18,42
0,161
0,312
31,209
75,337
80,205
60,147
56,35
0,262
0,74
0,98
43,317
29,239
87,334
85,204
46,155
48,21
0,134
0,347
0,39
21,235
66,182
79,1
68,358
61,185
0,342
0,119
0,206
22,130
27,39
81,162
80,18
56,339
57,201
0,140
0,256
0,29
0,297
36,169
50,7
83,175
84,183
56,358
28,168
0,172
0,321
30,204
70,340
79,203
64,150
58,34
0,271
0,66
0,107
40,317
21,248
86,332
82,207
47,151
53,24
0,125
0,337
0,48
21,251
61,189
78,356
73,2
61,181
0,353
0,194
12,89
22,51
79,163
77,18
58,341
60,200
0,127
0,270
0,42
0,283
35,164
44,11
82,171
89,186
56,352
36,191
0,183
0,331
29,199
65,344
78,199
69,155
59,32
0,280
0,57
0,116
37,317
9,260
84,331
78,209
49,148
57,27
0,116
0,327
0,57
21,259
55,198
78,351
78,6
61,177
11,3
0,183
0,38
18,71
75,164
75,17
62,343
63,199
0,114
0,284
0,270
32,159
39,16
81,168
87,11
57,346
43,197
0,194
0,340
0,352
28,194
60,347
78,195
74,160
60,28
0,48
0,126
32,318
0,268
82,331
75,210
52,146
61,29
0,107
0,318
0,66
20,265
50,208
78,346
83,10
62,172
27,7
0,172
0,26
13,106
72,166
73,16
65,345
65,197
0,100
0,297
0,255
29,154
33,21
80,165
84,13
58,343
48,199
0,206
0,350
0,341
28,188
54,351
77,191
78,165
60,23
19,81
0,135
26,319
0,259
79,331
73,210
54,145
64,31
0,98
0,309
0,75
19,269
43,219
78,341
88,16
62,168
36,11
0,161
0,15
0,13
9,145
68,169
72,13
69,348
67,194
0,310
0,242
24,145
28,28
78,164
80,15
60,341
53,200
0,219
0,0
0,330
28,182
48,356
77,186
83,170
61,17
29,117
0,145
18,319
0,250
76,333
71,209
58,146
67,31
0,89
0,300
0,83
16,271
37,231
77,337
87,198
62,164
44,15
0,151
0,4
0,23
0,170
64,172
71,10
73,351
69,191
0,323
0,228
17,130
21,38
76,162
77,17
62,340
57,200
0,232
0,11
0,318
27,177
40,360
77,182
87,176
61,10
37,148
0,155
0,307
0,29
0,241
73,335
69,207
61,147
69,31
0,80
0,92
12,270
29,241
77,334
83,203
63,160
51,18
0,141
0,354
0,32
0,181
59,178
70,5
77,355
70,188
0,335
0,215
0,72
14,57
73,162
74,18
64,340
61,200
0,246
0,305
26,171
33,5
77,177
88,360
61,3
44,168
0,165
0,316
0,19
0,232
69,338
67,205
65,149
71,30
0,71
0,101
1,258
20,253
76,332
78,206
64,156
57,22
0,131
0,344
0,42
0,192
54,185
69,359
81,359
70,184
20,352
0,203
0,58
0,109
70,161
71,19
66,341
64,200
0,260
0,292
25,165
23,11
76,173
83,4
61,356
50,180
0,176
0,325
0,9
0,222
65,341
66,202
70,153
72,28
0,62
5,101
0,265
0,282
74,330
74,209
65,153
62,25
0,122
0,334
0,51
0,203
49,196
69,353
85,3
71,180
30,359
0,191
0,45
0,123
66,162
69,19
69,342
67,199
0,274
0,278
23,159
5,27
76,170
79,8
62,350
55,187
0,187
0,334
0,359
0,213
60,345
66,198
74,158
73,25
0,54
13,94
0,274
0,274
73,330
70,211
66,151
66,27
0,113
0,325
0,60
0,213
43,210
68,347
90,10
71,175
37,3
7,179
0,33
0,136
62,162
67,18
73,344
69,197
0,288
0,264
20,151
0,46
75,167
75,11
62,346
60,191
0,198
0,344
0,349
0,203
54,349
65,194
79,163
74,21
18,83
17,94
0,282
0,265
70,330
67,212
68,150
70,29
0,103
0,68
0,222
37,226
68,341
86,192
72,171
44,8
9,171
0,21
0,7
0,149
58,164
66,16
76,346
71,195
15,327
0,250
15,140
0,58
74,164
71,14
63,343
65,194
0,211
0,354
0,337
0,192
48,353
65,189
84,168
75,17
29,116
18,97
0,291
0,256
68,331
63,211
70,149
74,30
0,94
0,77
0,232
29,244
67,336
82,197
72,166
50,12
11,164
0,10
0,17
0,161
52,166
65,13
80,349
73,193
25,339
0,236
4,108
0,72
72,163
67,16
65,341
69,196
0,223
0,4
0,326
0,181
42,357
65,185
89,173
75,12
38,143
20,102
0,300
0,35
0,247
65,333
60,210
73,150
77,30
0,86
18,58
0,241
20,263
66,332
78,202
72,162
55,16
13,157
0,360
0,27
0,173
46,171
64,9
84,352
74,190
32,346
0,223
0,81
0,314
0,86
70,161
64,18
66,341
72,197
0,237
0,15
0,313
0,170
34,2
65,181
86,357
75,6
46,162
20,111
0,309
0,26
0,238
61,335
58,208
76,151
79,29
4,84
25,55
0,250
2,294
65,330
74,206
73,159
60,19
15,151
0,350
0,36
0,184
39,180
64,3
88,356
75,186
39,351
9,201
0,67
0,327
0,100
67,161
61,20
69,341
75,198
0,251
13,257
0,158
24,8
65,176
81,1
75,1
52,174
20,125
0,318
0,17
0,228
57,338
56,205
79,154
81,28
18,104
30,54
0,259
0,289
0,95
64,328
70,209
74,156
65,22
17,146
0,45
0,195
31,208
63,357
87,180
75,182
45,356
14,191
0,54
0,338
0,113
64,161
58,21
71,342
78,198
0,265
23,226
0,146
7,20
64,172
76,5
76,355
58,182
20,176
0,328
0,7
0,219
52,342
54,201
83,157
83,25
26,114
34,53
0,268
0,280
0,104
62,327
66,212
75,153
69,25
20,142
0,54
0,205
20,290
63,350
83,185
76,178
51,0
16,184
0,41
0,350
0,127
61,161
56,22
74,343
81,198
0,279
29,215
0,133
0,38
64,169
71,9
76,351
64,187
21,258
0,337
0,356
0,209
47,346
53,197
87,162
84,22
33,124
36,51
0,277
0,271
0,113
59,327
62,213
77,151
73,27
23,138
0,63
0,216
0,331
63,343
78,190
76,173
56,4
18,177
0,29
0,0
0,140
57,162
54,21
78,345
83,197
18,325
33,208
0,119
0,51
63,166
66,12
77,347
69,191
21,283
0,347
0,346
0,199
42,350
52,193
90,342
85,18
40,136
38,48
0,286
0,262
0,122
56,328
59,213
79,151
76,29
27,135
0,72
0,225
0,321
62,337
74,196
76,169
61,8
19,171
0,18
0,10
0,153
52,163
53,20
82,347
84,195
27,337
36,203
0,105
0,64
62,163
61,15
77,345
74,194
22,297
0,334
0,188
35,354
52,188
85,350
85,13
45,149
39,43
0,295
0,41
0,253
0,132
52,329
56,212
82,151
79,29
31,134
18,55
0,235
0,101
0,312
62,333
69,201
76,165
66,12
21,165
0,7
0,20
0,165
47,167
52,16
86,350
86,193
34,344
39,199
0,91
0,306
0,77
0,245
60,161
56,18
79,343
78,195
24,307
19,253
0,177
27,358
51,184
81,354
86,9
51,161
40,36
0,304
0,32
0,244
0,141
48,331
54,210
84,152
82,29
35,133
26,51
0,244
0,92
0,303
61,329
64,207
77,161
71,16
22,159
0,356
0,30
0,176
0,155
40,173
51,10
90,179
87,189
41,349
41,194
0,77
0,318
0,91
0,232
58,159
52,21
80,342
82,197
26,316
29,222
0,166
15,5
51,179
77,359
86,4
56,171
41,25
0,313
0,22
0,235
0,151
43,334
52,207
87,154
84,28
39,135
32,50
0,253
0,83
0,295
0,89
60,327
60,211
78,157
75,20
24,154
0,39
0,187
0,145
33,190
50,3
85,178
87,186
47,353
42,190
0,64
0,331
0,105
0,219
55,158
48,23
82,342
86,197
29,323
36,212
0,154
0,18
0,309
50,175
72,3
86,359
62,178
42,11
0,322
0,13
0,225
0,162
36,336
50,204
89,334
86,26
44,137
36,49
0,262
0,74
0,286
0,98
58,326
56,215
79,154
79,23
26,149
21,29
0,198
0,135
22,282
50,353
80,182
88,181
53,358
43,186
0,51
0,342
0,119
0,206
52,157
44,26
84,343
89,198
32,329
41,207
0,141
0,30
0,296
49,171
67,7
87,355
67,184
42,357
0,3
0,215
0,172
28,339
49,200
85,339
87,23
48,141
39,47
0,271
0,65
0,277
0,107
56,325
52,217
80,152
82,26
28,145
30,31
0,208
0,125
0,336
50,343
75,187
88,176
59,2
43,181
0,38
0,353
0,133
0,194
49,157
40,29
87,344
88,17
36,334
45,204
0,128
0,42
0,283
48,167
63,10
87,351
71,188
42,347
0,352
0,205
0,183
16,341
48,196
81,343
88,19
53,147
42,44
0,280
0,56
0,268
0,116
54,326
48,218
82,151
86,28
31,141
36,33
0,218
0,116
0,327
50,335
70,194
88,171
65,6
43,176
0,26
0,4
0,145
0,183
44,157
37,31
90,343
86,16
40,339
49,201
0,114
0,55
0,269
47,163
58,13
88,348
76,192
43,340
0,341
0,195
0,195
0,340
47,191
77,347
89,14
58,154
44,40
0,289
0,47
0,259
0,125
51,327
44,218
84,151
89,29
35,139
41,34
0,228
0,107
0,318
0,66
50,329
64,200
88,166
71,10
44,171
0,14
0,158
0,172
39,157
34,32
87,168
84,14
44,343
51,198
0,100
0,298
0,68
0,255
45,160
54,17
89,346
80,194
44,336
16,280
0,184
0,207
0,350
46,187
73,352
90,6
62,161
45,34
0,298
0,38
0,250
0,135
47,329
41,216
87,152
88,209
39,138
46,36
0,237
0,98
0,309
0,75
49,324
59,207
89,161
76,14
44,167
0,23
0,170
0,161
33,157
32,31
84,171
83,12
49,347
54,195
0,86
0,311
0,82
0,241
42,156
49,20
90,31
84,196
45,335
28,224
0,173
0,220
0,0
46,182
68,356
90,193
67,168
46,26
0,307
0,29
0,144
42,331
38,214
90,252
86,209
43,138
49,37
0,247
0,89
0,300
0,84
48,321
53,214
89,157
81,18
44,162
23,19
0,181
0,151
25,153
31,22
80,174
82,9
53,351
55,192
0,72
0,323
0,96
0,228
39,152
45,23
88,162
88,197
47,335
36,213
0,161
0,233
0,11
0,318
46,177
63,0
90,183
72,175
47,16
0,316
0,19
0,154
36,334
36,210
87,334
84,207
47,140
52,37
0,256
0,80
0,291
0,93
47,320
47,220
90,150
85,22
44,158
33,21
0,192
0,141
12,346
29,357
76,179
81,4
58,355
57,188
0,58
0,335
0,110
0,215
34,147
41,27
86,162
89,18
49,336
42,207
0,149
0,246
0,22
0,305
45,173
58,4
89,177
76,180
48,5
11,17
0,164
29,336
34,206
83,338
83,205
52,143
54,36
0,265
0,71
0,282
0,102
46,320
41,225
90,337
90,36
45,153
40,24
0,202
0,131
0,343
0,42
29,317
71,184
80,360
63,359
57,184
0,347
0,123
0,202
29,139
37,30
84,163
86,18
52,338
47,204
0,136
0,260
0,34
0,292
44,169
53,8
89,173
80,185
48,355
25,192
0,175
18,338
33,202
78,341
82,202
57,148
56,34
0,274
0,62
0,274
0,111
44,320
34,229
88,333
86,207
46,150
46,27
0,212
0,122
0,333
0,51
28,295
66,190
80,354
68,3
58,180
0,357
0,136
0,191
21,118
34,34
81,164
83,17
54,341
51,202
0,123
0,274
0,46
0,278
43,165
48,12
88,169
85,188
49,347
33,200
0,186
0,334
32,197
73,345
81,198
62,153
58,31
0,283
0,54
0,120
41,321
27,232
87,331
82,209
48,147
51,29
0,222
0,113
0,324
0,60
27,288
62,198
80,349
72,7
58,175
0,8
0,149
0,179
4,41
31,39
78,165
81,16
58,343
55,199
0,109
0,288
0,59
0,264
41,161
43,16
87,166
89,191
50,342
40,201
0,198
0,344
31,191
68,349
80,194
67,159
59,27
0,45
0,129
38,323
19,236
85,331
79,210
50,145
56,31
0,232
0,103
0,315
0,69
26,286
56,205
80,344
77,12
59,171
0,18
0,161
0,168
0,22
28,43
75,168
79,14
61,346
57,196
0,95
0,302
0,250
39,157
37,21
86,164
88,14
51,339
46,202
0,210
0,354
0,336
31,186
63,353
80,190
72,166
59,22
0,35
0,138
33,325
7,244
83,332
76,209
52,144
60,32
0,94
0,306
0,78
24,286
51,213
79,340
82,16
59,166
19,17
0,173
0,158
0,10
26,46
71,171
78,11
65,349
60,193
0,81
0,315
0,237
36,153
32,27
84,163
84,16
53,338
51,202
0,223
0,4
0,325
30,181
57,357
79,185
77,172
60,15
12,45
0,148
27,327
0,247
80,334
73,208
55,144
63,32
0,85
0,297
0,86
22,287
46,220
79,336
86,20
59,162
31,19
0,184
0,148
0,360
25,43
67,175
77,7
69,353
62,190
0,67
0,327
0,223
32,147
26,35
82,162
81,17
55,338
55,202
0,237
0,15
0,313
30,175
51,2
79,180
82,177
60,8
26,110
0,158
19,328
0,238
77,336
71,206
58,146
65,32
0,77
0,288
0,95
19,287
40,227
78,333
89,200
60,158
39,22
0,195
0,138
0,350
0,36
23,271
62,180
76,3
73,356
63,186
0,339
0,211
27,139
20,48
80,162
78,18
57,339
59,201
0,250
0,27
0,300
30,170
44,6
79,176
87,181
60,0
35,167
0,169
0,319
0,16
0,229
73,339
69,204
62,149
67,31
0,68
0,280
0,104
14,285
34,232
77,331
85,206
61,155
46,25
0,205
0,128
0,340
0,45
22,258
57,188
75,357
77,0
64,182
16,354
0,198
20,118
12,74
77,163
75,18
60,341
62,200
0,264
0,39
0,286
29,165
36,11
78,172
88,6
60,354
42,184
0,180
0,328
0,6
0,219
69,343
68,200
65,153
69,28
0,59
0,113
0,268
27,236
76,330
81,208
62,152
52,27
0,119
0,331
0,54
21,260
52,197
75,352
81,5
65,178
26,0
0,187
0,41
0,127
74,164
73,18
63,343
65,199
0,279
0,273
28,159
27,17
78,169
84,9
60,348
49,191
0,191
0,338
0,355
0,209
65,347
67,197
70,158
71,25
0,50
0,122
0,277
19,240
74,330
77,210
63,150
57,29
0,110
0,321
0,63
20,263
46,209
74,346
86,9
65,174
34,5
0,176
0,28
0,141
70,165
71,17
66,345
67,197
0,293
0,259
26,153
15,29
77,166
79,12
61,344
54,195
0,203
0,347
0,345
0,199
60,351
66,192
74,163
72,21
0,41
11,111
0,286
5,252
72,331
74,210
65,149
62,31
0,101
0,72
18,266
40,222
74,341
90,30
66,169
41,10
0,165
0,17
0,153
66,168
69,15
70,348
69,195
0,306
0,245
23,146
0,64
76,164
75,14
62,342
59,197
0,215
0,358
0,333
0,189
55,355
66,188
78,169
72,16
3,35
15,111
0,295
0,253
70,332
71,209
67,149
66,31
0,92
0,80
16,269
34,235
73,337
86,198
66,165
47,14
0,155
0,6
0,21
0,165
61,171
68,11
74,350
71,192
0,319
0,231
18,135
0,77
75,162
70,16
63,340
64,198
0,228
0,8
0,321
0,178
50,359
66,184
83,174
73,10
23,90
17,115
0,304
0,244
67,334
68,208
70,149
69,31
0,83
0,89
12,268
26,248
73,334
82,202
67,161
53,17
0,145
0,355
0,30
0,177
55,176
67,7
79,354
72,189
20,345
0,218
11,111
0,91
73,162
67,18
64,340
68,199
0,242
0,19
0,309
0,166
43,3
65,179
88,179
73,5
33,153
18,123
0,313
0,234
63,337
66,206
73,151
72,30
0,74
0,98
4,260
15,264
72,331
78,206
68,157
58,21
0,135
0,346
0,40
0,188
49,184
66,1
83,358
73,185
29,352
0,206
0,63
0,105
71,161
63,20
66,341
72,199
0,256
0,31
0,296
0,154
37,8
65,175
88,3
73,359
41,177
19,141
0,322
0,13
0,225
59,340
63,203
76,154
75,28
16,97
15,79
0,263
0,286
70,329
74,209
69,154
62,24
0,125
0,336
0,49
0,198
43,198
66,355
88,2
74,181
37,357
0,194
0,50
0,342
0,119
68,162
60,21
68,342
75,198
0,270
14,240
0,141
28,14
65,171
83,7
74,354
49,186
20,203
0,331
0,3
0,215
55,343
62,199
79,158
77,25
24,108
22,72
0,271
0,277
68,329
70,211
70,152
66,26
0,116
0,327
0,58
0,209
35,222
66,349
87,186
74,176
44,2
0,182
0,37
0,354
0,132
65,163
57,21
71,344
77,197
0,284
23,218
0,128
18,23
64,168
78,10
74,350
55,191
21,267
0,341
0,352
0,205
50,347
61,195
83,162
78,22
31,121
26,68
0,280
0,268
0,116
66,329
67,211
72,151
70,28
3,111
0,67
0,218
24,261
65,342
82,191
74,172
50,6
0,171
0,25
0,4
0,145
62,164
55,20
74,346
80,196
0,298
29,209
0,114
0,56
64,165
74,13
74,346
61,194
21,287
0,351
0,341
0,195
45,351
60,191
87,167
79,17
37,134
30,63
0,289
0,259
0,125
63,330
64,211
74,150
74,29
14,120
0,75
0,228
4,312
65,337
78,197
74,168
56,10
0,161
0,14
0,14
0,157
58,167
53,18
77,349
82,194
0,311
33,203
0,100
0,69
63,163
69,15
75,344
66,196
22,300
0,330
0,185
38,356
59,186
89,350
80,13
43,149
32,57
0,298
0,37
0,250
0,135
60,332
61,210
77,150
77,30
20,121
0,84
0,238
0,309
65,333
73,202
75,163
61,14
0,151
0,3
0,24
0,169
53,171
52,14
81,352
83,191
19,341
36,198
0,86
0,83
0,241
61,161
65,18
76,343
71,197
24,309
0,318
0,173
31,0
58,182
85,356
81,8
49,163
33,47
0,307
0,28
0,241
0,144
56,334
58,208
80,152
79,29
26,123
15,68
0,247
0,300
64,330
68,207
75,160
66,18
0,141
0,353
0,33
0,180
48,178
51,8
85,355
84,188
28,349
39,193
0,72
0,96
0,227
59,159
61,19
78,342
75,198
26,317
7,285
0,162
22,6
58,178
81,0
82,2
54,173
34,31
0,316
0,18
0,232
0,154
51,337
56,206
83,154
81,28
31,126
23,62
0,256
0,80
0,291
63,328
63,211
75,156
71,21
7,140
0,343
0,43
0,191
42,190
50,360
89,359
85,184
36,354
40,189
0,59
0,335
0,110
0,214
57,159
57,21
79,342
79,198
29,324
23,227
0,149
1,21
57,174
76,4
82,358
59,181
35,10
0,325
0,8
0,222
0,165
46,340
54,202
86,157
83,25
37,130
28,59
0,265
0,71
0,282
62,327
58,214
76,154
75,24
11,136
0,333
9,40
0,202
35,213
50,350
87,184
86,180
43,359
42,184
0,46
0,347
0,124
0,202
54,158
53,22
81,343
83,198
32,330
31,214
0,136
0,34
0,291
56,170
72,8
82,353
64,186
36,351
0,335
0,358
0,212
0,175
40,343
53,198
90,334
85,22
42,136
32,56
0,274
0,62
0,274
60,327
54,216
77,152
79,27
15,133
23,36
0,212
26,253
50,340
82,189
86,175
50,3
42,180
0,33
0,357
0,137
0,190
51,158
50,23
84,344
86,197
35,335
37,207
0,123
0,47
0,278
55,166
67,11
83,349
68,190
37,339
0,348
0,202
0,187
32,347
52,194
85,344
86,19
47,144
35,53
0,283
0,53
0,265
0,119
58,328
50,217
79,151
82,28
19,130
31,36
0,222
13,299
50,333
77,194
86,170
56,8
43,175
0,22
0,8
0,150
0,179
46,159
47,23
87,346
88,196
39,340
41,202
0,109
0,60
0,264
54,163
63,14
84,347
73,193
38,333
0,336
0,192
0,198
20,351
51,190
81,349
87,14
52,153
37,48
0,292
0,44
0,256
0,129
56,329
46,216
80,151
86,29
23,128
38,37
0,231
0,314
0,69
49,327
72,200
87,165
62,12
43,170
0,18
0,162
0,168
42,161
45,21
90,346
89,11
43,344
45,198
0,95
0,302
0,73
0,250
52,160
59,17
85,345
77,195
39,331
0,325
0,181
0,211
0,354
50,185
76,353
87,10
57,162
38,41
0,301
0,35
0,247
0,138
52,331
42,215
83,151
89,28
28,128
42,38
0,241
0,305
0,78
49,323
67,205
87,161
68,16
44,165
0,27
0,174
0,158
36,166
43,16
87,173
88,10
47,348
48,195
0,81
0,315
0,87
0,237
50,158
55,20
86,343
81,196
40,331
16,257
0,170
0,224
0,4
50,180
71,357
88,5
62,170
40,30
0,310
0,25
0,238
0,148
49,334
39,212
85,153
89,209
33,129
46,38
0,250
0,86
0,296
0,87
48,321
62,210
87,157
73,19
44,161
0,37
0,185
0,148
29,182
41,7
83,176
86,7
51,353
50,191
0,67
0,328
0,100
0,223
47,156
51,22
88,343
84,197
42,333
27,223
0,158
0,237
0,15
50,176
66,2
88,0
67,176
40,16
0,319
0,16
0,158
44,337
36,209
88,157
87,207
38,132
50,38
0,259
0,77
0,288
0,96
47,320
56,214
88,154
78,23
44,156
16,30
0,195
0,138
19,313
40,353
79,181
85,3
56,357
52,187
0,53
0,340
0,114
0,211
43,153
47,24
90,336
88,198
44,335
34,212
0,145
0,251
0,27
49,172
61,5
88,356
72,182
41,1
0,329
0,6
0,168
39,340
34,205
88,337
85,204
43,136
52,37
0,268
0,68
0,279
0,105
46,320
51,218
89,152
83,25
45,152
29,30
0,206
0,128
0,339
39,337
75,186
84,358
60,1
53,183
0,40
0,351
0,127
0,198
39,151
44,27
88,164
89,17
47,338
40,207
0,132
0,265
0,38
0,286
49,168
56,9
88,352
76,186
41,349
16,345
0,179
32,344
32,200
84,342
84,201
48,143
55,34
0,277
0,59
0,270
0,114
44,321
46,220
90,149
87,28
46,149
37,31
0,216
0,119
0,330
0,54
38,323
71,192
84,353
65,5
54,178
0,28
0,1
0,140
0,187
33,145
41,28
85,165
87,16
50,340
44,203
0,119
0,279
0,51
0,273
48,164
50,13
89,349
81,190
42,341
27,221
0,190
23,348
30,195
80,346
83,197
53,150
56,31
0,286
0,50
0,261
0,123
42,323
40,221
89,331
89,208
47,146
44,33
0,225
0,109
0,321
0,63
37,314
66,198
83,348
70,9
55,174
0,12
0,153
0,176
26,129
38,29
82,167
85,15
53,344
48,199
0,105
0,293
0,64
0,259
46,161
45,17
89,348
85,192
43,336
35,209
0,202
3,349
29,190
76,351
82,193
58,158
58,26
0,41
0,252
0,132
39,325
35,220
87,331
85,209
49,144
49,34
0,235
0,100
0,312
0,72
36,309
61,205
83,343
74,13
55,169
0,21
0,165
0,165
13,40
36,28
78,169
83,13
57,347
51,196
0,90
0,306
0,245
45,158
39,22
90,162
89,193
44,335
42,206
0,215
0,358
0,332
29,184
71,355
81,188
64,166
58,20
0,32
0,243
0,142
35,327
29,219
85,332
81,209
51,144
54,34
0,244
0,91
0,303
0,81
35,307
57,211
82,339
79,17
56,165
0,31
0,176
0,155
0,6
34,22
74,173
81,9
61,350
53,193
0,76
0,319
0,232
43,155
33,27
88,163
87,17
45,334
47,204
0,228
0,9
0,320
29,179
65,359
81,184
69,173
59,13
0,22
0,152
30,330
24,218
83,334
78,207
54,144
58,34
0,253
0,82
0,294
0,89
33,306
52,216
82,336
83,21
56,161
21,24
0,187
0,145
0,355
32,6
70,177
80,6
65,354
55,189
0,63
0,332
0,219
40,152
27,36
87,162
84,17
47,336
52,203
0,241
0,20
0,308
28,173
60,3
80,179
74,179
60,6
0,13
0,162
22,332
18,216
80,337
76,205
57,146
61,33
0,263
0,73
0,285
0,98
31,306
46,221
81,333
87,25
57,157
31,26
0,198
0,135
0,345
31,336
65,183
79,1
69,358
57,185
0,50
0,343
0,206
36,148
20,50
85,163
80,18
49,337
56,202
0,255
0,31
0,295
28,168
54,7
80,175
80,183
60,358
21,25
0,172
11,332
10,214
77,340
74,203
60,149
64,31
0,272
0,64
0,276
0,107
28,306
41,224
80,331
89,205
58,154
39,28
0,208
0,125
0,336
30,311
60,190
79,356
73,2
58,181
0,37
0,354
0,194
31,142
11,82
82,164
78,18
52,340
60,200
0,270
0,43
0,281
28,163
48,11
80,171
85,187
60,352
32,196
0,183
0,331
0,216
73,344
72,199
64,153
66,29
0,55
0,268
0,116
24,307
36,226
78,331
85,208
59,151
45,30
0,218
0,116
0,327
0,58
29,299
54,199
78,350
78,6
59,176
19,3
0,183
25,128
0,132
80,165
75,17
55,342
63,198
0,284
0,56
0,268
27,157
41,16
80,168
90,186
60,347
40,198
0,195
0,341
0,352
0,206
69,348
70,195
67,159
67,25
0,46
0,125
17,305
30,227
77,330
81,209
60,149
51,32
0,228
0,107
0,317
0,67
29,294
49,209
78,345
82,11
60,172
29,8
0,172
15,65
0,145
76,167
73,16
59,345
66,196
0,298
0,69
0,254
25,151
34,21
79,165
85,13
61,343
47,199
0,207
0,351
0,341
0,196
65,352
69,191
71,165
69,20
0,37
0,135
0,289
24,227
75,331
78,209
62,148
55,33
0,238
0,98
0,309
0,75
28,293
42,220
78,341
86,15
60,168
37,12
0,161
0,13
0,157
72,170
71,13
63,349
68,194
0,311
0,240
23,144
25,30
78,164
81,15
61,341
53,200
0,220
0,1
0,329
0,185
60,356
68,187
76,171
70,15
0,28
0,144
0,298
17,227
72,333
75,208
64,148
59,33
0,247
0,89
0,84
27,294
36,232
77,337
89,196
61,163
43,15
0,151
0,2
0,24
0,169
68,174
70,10
67,352
70,191
0,324
0,227
19,133
13,51
77,162
76,17
62,340
58,200
0,233
0,12
0,317
0,174
55,1
68,182
80,176
70,9
10,30
0,154
0,307
6,232
69,335
73,207
67,149
63,33
0,80
0,93
25,295
28,244
77,334
85,202
61,159
49,19
0,141
0,352
0,34
0,180
64,179
69,5
72,355
71,188
0,336
0,214
13,112
0,97
75,162
72,18
63,340
63,200
0,247
0,23
0,304
0,162
50,5
67,178
84,181
71,3
25,111
8,157
0,316
0,231
66,338
70,204
70,151
66,31
0,71
0,101
22,296
17,258
76,332
81,206
62,156
54,22
0,131
0,342
0,43
0,191
58,186
68,360
76,359
72,184
11,351
0,202
0,58
0,111
74,162
68,19
65,341
67,199
0,261
0,35
0,291
0,150
44,9
67,174
89,184
71,357
34,183
11,171
0,325
0,222
62,341
68,201
73,154
69,29
2,65
0,110
19,297
0,282
75,330
77,208
63,153
59,25
0,122
0,332
0,52
0,202
53,195
68,353
81,4
73,179
25,359
0,190
0,45
0,124
71,163
65,19
67,342
71,198
0,275
0,47
0,277
0,137
37,14
67,170
87,9
72,352
41,193
13,195
0,335
0,358
0,212
57,345
67,198
76,158
71,26
18,92
0,119
12,295
0,274
74,330
73,210
64,151
64,27
0,113
0,323
0,61
0,212
46,207
67,347
86,8
73,175
34,4
0,179
0,33
0,358
0,137
69,164
62,19
69,344
74,197
0,289
9,240
0,123
30,20
66,167
83,11
72,348
48,196
14,229
0,344
0,348
0,202
52,349
65,193
80,163
72,22
27,109
0,128
0,283
0,265
72,330
70,211
66,149
68,29
0,104
0,314
0,70
0,222
39,223
67,341
89,191
74,171
42,8
0,168
0,21
0,8
0,150
65,166
59,18
72,347
77,195
0,303
20,214
0,109
21,29
65,164
78,14
73,345
54,198
16,261
0,354
0,337
0,192
47,353
64,189
84,168
74,17
33,128
13,113
0,292
0,256
69,331
66,210
68,149
71,30
0,95
0,79
0,231
30,242
67,337
84,197
74,166
49,12
0,157
0,10
0,18
0,162
62,170
57,15
75,350
79,193
0,316
26,204
0,95
5,60
64,162
74,16
73,343
59,199
18,284
0,325
0,181
40,357
64,185
88,173
75,12
40,148
18,107
0,301
0,34
0,247
67,333
63,209
70,149
74,30
0,86
0,87
0,241
19,266
66,333
79,202
74,162
55,16
0,147
0,359
0,27
0,174
58,174
55,11
78,353
81,190
4,334
31,198
0,81
0,88
0,236
62,161
70,18
74,342
64,199
20,300
0,313
0,170
33,2
63,180
88,357
76,6
45,164
21,102
0,310
0,24
0,238
63,336
61,207
73,151
77,29
4,84
13,73
0,250
0,296
66,330
74,206
74,159
60,19
2,140
0,349
0,37
0,185
53,181
53,5
82,357
82,187
20,349
34,193
0,67
0,101
0,223
61,160
66,19
76,342
68,199
22,312
0,300
0,158
24,8
63,176
84,2
76,1
51,176
23,89
0,320
0,15
0,229
0,158
59,339
58,204
76,154
80,27
18,103
22,65
0,259
0,287
65,329
69,210
75,156
66,23
5,135
0,339
0,46
0,195
48,191
52,356
86,1
83,183
29,356
36,188
0,53
0,115
0,210
58,159
63,20
77,342
73,198
25,321
0,286
0,145
7,20
62,172
79,6
77,356
56,183
25,14
0,329
0,4
0,219
0,168
55,343
57,201
80,157
82,25
26,113
27,62
0,268
0,279
64,328
64,212
76,153
70,25
8,130
0,330
0,55
0,206
42,206
51,347
90,18
84,178
36,1
38,183
0,41
0,129
0,198
55,159
59,20
79,343
76,197
28,329
11,242
0,132
0,39
62,169
75,9
77,351
61,189
26,325
0,339
0,354
0,209
0,179
50,346
55,197
84,161
83,22
33,124
31,59
0,277
0,59
0,270
63,328
59,214
76,151
75,27
11,126
5,56
0,216
36,225
51,338
86,190
85,173
43,5
39,178
0,28
0,2
0,142
0,187
52,160
56,20
81,345
79,196
32,335
23,215
0,118
0,51
61,166
71,12
78,348
66,192
28,318
0,348
0,343
0,199
0,190
44,350
54,192
88,167
84,18
39,136
34,54
0,286
0,50
0,261
61,329
54,214
78,151
79,29
15,123
22,44
0,225
27,249
50,331
81,195
85,169
49,10
40,173
0,17
0,12
0,154
0,176
48,162
54,18
84,347
82,194
36,340
30,205
0,104
0,294
0,64
0,259
60,163
66,15
79,345
70,195
29,318
0,359
0,332
0,189
0,202
36,354
53,188
87,350
85,13
45,149
36,48
0,295
0,41
0,253
59,331
50,214
79,151
83,29
19,122
31,43
0,235
16,277
50,326
77,200
86,164
55,13
41,168
0,6
0,22
0,166
0,165
43,165
51,15
87,350
85,192
40,345
36,199
0,90
0,307
0,78
0,245
59,161
62,17
80,343
74,196
30,321
0,320
0,178
0,215
27,359
53,184
82,355
86,8
51,161
38,39
0,304
0,31
0,244
0,142
56,333
46,212
81,152
86,29
23,121
37,42
0,244
0,302
0,81
49,323
72,205
86,160
61,17
42,164
0,31
0,177
0,154
37,172
50,10
89,175
87,189
44,350
40,194
0,76
0,320
0,91
0,232
57,159
58,19
81,343
78,197
32,324
13,263
0,166
0,228
12,6
52,179
77,359
87,4
57,171
39,27
0,313
0,22
0,234
0,152
53,336
42,210
83,154
89,26
28,122
42,42
0,253
0,293
0,90
48,321
67,209
86,157
66,21
42,159
0,40
0,188
0,144
30,195
48,2
86,178
88,185
49,354
43,190
0,62
0,332
0,105
0,219
55,158
54,22
82,342
82,198
34,328
25,225
0,154
0,241
0,20
52,175
72,3
87,359
62,179
39,11
0,323
0,12
0,225
0,162
49,339
38,207
86,157
89,207
32,125
46,41
0,262
0,284
0,99
47,320
63,212
87,154
71,24
43,155
0,49
0,199
0,135
21,296
47,351
82,182
89,181
53,358
45,185
0,48
0,344
0,119
0,206
52,157
50,23
84,343
85,198
37,332
32,213
0,141
0,255
0,31
51,171
67,7
87,355
67,184
40,356
0,332
0,2
0,216
0,172
44,343
35,203
89,162
87,203
37,131
49,39
0,271
0,64
0,276
0,108
46,321
58,214
87,152
76,26
43,151
0,58
0,209
0,125
0,336
46,340
78,187
90,358
58,2
47,181
0,36
0,355
0,132
0,194
48,157
47,25
87,344
88,197
40,336
38,207
0,128
0,270
0,43
51,167
61,10
88,351
72,188
40,345
0,342
0,351
0,206
0,183
39,347
33,198
87,343
85,200
42,138
52,35
0,280
0,55
0,267
0,117
44,322
53,215
88,151
81,28
45,147
22,41
0,219
0,116
0,326
45,331
74,193
89,352
62,6
48,176
0,24
0,5
0,145
0,183
44,157
44,25
90,342
89,15
43,340
42,203
0,114
0,284
0,56
0,267
50,164
55,14
88,348
77,191
40,337
15,306
0,196
0,195
32,351
31,193
84,348
84,196
47,148
54,31
0,289
0,46
0,258
0,126
42,324
49,216
90,151
85,29
46,145
32,39
0,229
0,106
0,317
0,67
45,324
69,199
88,348
67,10
49,172
0,12
0,15
0,157
0,172
38,157
41,25
87,169
87,14
47,344
46,199
0,100
0,298
0,69
0,253
49,161
50,17
88,346
82,194
41,334
27,226
0,185
0,207
24,355
29,188
80,352
83,191
52,158
55,26
0,298
0,37
0,249
0,135
38,326
44,215
89,331
89,29
48,143
40,39
0,238
0,97
0,308
0,75
44,319
65,205
88,343
71,14
50,167
0,2
0,25
0,169
0,161
32,157
39,21
83,171
85,11
51,348
49,195
0,86
0,311
0,83
0,240
48,158
44,21
89,344
86,195
41,332
35,213
0,219
9,1
0,328
28,183
75,357
82,187
57,167
57,19
0,28
0,240
0,145
34,329
40,213
87,333
88,209
50,142
45,38
0,247
0,88
0,300
0,84
43,317
60,210
87,339
76,18
51,163
0,35
0,180
0,151
22,84
37,14
79,175
83,8
55,352
52,192
0,72
0,324
0,97
0,227
46,156
38,26
90,161
90,19
42,333
42,207
0,233
0,13
0,316
27,177
71,1
81,182
63,175
57,11
0,18
0,231
0,155
29,331
36,210
85,335
85,207
52,143
50,38
0,257
0,79
0,291
0,93
42,316
55,215
86,336
80,22
52,159
18,28
0,191
0,141
0,351
36,358
75,179
82,4
60,355
54,188
0,58
0,336
0,214
44,154
31,33
89,163
86,17
44,334
47,205
0,247
0,24
0,303
27,172
66,5
81,178
68,181
58,3
0,8
0,222
0,165
22,334
32,207
82,338
82,205
55,145
54,36
0,266
0,70
0,282
0,101
40,316
50,218
86,333
84,25
52,155
29,28
0,201
0,132
0,341
35,337
70,185
81,359
64,359
55,184
0,45
0,347
0,202
41,152
24,45
87,163
82,18
46,337
52,202
0,261
0,36
0,290
26,166
61,8
81,174
73,186
59,356
0,358
0,212
0,176
10,334
28,203
79,341
80,201
58,149
58,33
0,275
0,61
0,273
0,110
38,317
45,220
85,332
88,28
53,152
36,30
0,211
0,122
0,332
34,319
65,191
80,354
69,3
56,179
0,33
0,358
0,190
37,150
16,72
85,164
79,17
48,340
56,200
0,275
0,48
0,276
25,160
55,12
80,170
78,189
59,350
12,333
0,202
0,187
0,335
25,198
75,345
78,198
62,154
60,30
0,284
0,52
0,265
0,119
35,318
40,221
83,331
88,208
55,149
43,32
0,221
0,113
0,322
0,61
33,308
60,199
80,349
74,8
57,175
0,9
0,179
33,146
0,137
82,166
77,16
